Brand,Model,CPU,GPU,RAM_GB,Storage_Type,Storage_GB,Touchscreen,Weight_kg,Screen_Size_inch,Price_SGD
Acer,Aspire 5,Intel i9-14900HK,NVIDIA RTX 4070,64,SSD,256,False,1.56,16.0,2649.81
Acer,Nitro 5,AMD Ryzen 9 8900HX,AMD Radeon 780M,32,SSD,1024,True,1.45,14.0,2003.7
Acer,Nitro 5,AMD Ryzen 5 8600H,NVIDIA RTX 4050,32,SSD,2048,False,1.34,14.0,1817.25
Acer,TravelMate P6,Intel Core Ultra 7 15500H,NVIDIA RTX 4060,16,SSD,4096,True,1.18,13.3,2540.6
Acer,Predator Helios 300,Intel i7-14800H,NVIDIA RTX 4070,8,SSD,1024,True,1.31,14.0,2555.98
Acer,Aspire 5,Intel i9-14900HK,NVIDIA RTX 4080,32,SSD,256,False,3.34,17.3,2618.94
Acer,TravelMate P6,Intel i9-14900HK,NVIDIA RTX 4080,128,SSD,1024,True,1.11,13.3,3661.66
Acer,Predator Helios 300,Intel Core Ultra 9 15700H,NVIDIA RTX 4070,16,SSD,2048,True,1.29,13.3,3032.95
Acer,Swift 3,Intel i5-14500H,NVIDIA RTX 4050,64,SSD,4096,False,1.4,13.3,2235.49
Acer,Nitro 5,Intel Core Ultra 9 15700H,NVIDIA RTX 4070,16,SSD,2048,False,1.15,13.3,2845.0
Acer,Nitro 5,Intel i5-14600H,Intel Iris Xe,32,SSD,256,True,1.06,14.0,1537.15
Acer,Swift 3,Intel i5-14500H,Intel Iris Xe,8,SSD,1024,True,2.47,15.6,1480.35
Acer,Swift 3,Intel Core Ultra 7 15500H,NVIDIA RTX 4060,8,SSD,2048,True,1.6,16.0,2196.71
Acer,Predator Helios 300,AMD Ryzen 5 8600H,NVIDIA RTX 4050,64,SSD,512,True,1.34,14.0,1911.36
Acer,Predator Helios 300,Intel i5-14500H,NVIDIA RTX 3050,128,SSD,1024,False,1.39,14.0,2106.93
Acer,Aspire 5,Intel i7-14800H,NVIDIA RTX 4060,16,SSD,2048,True,1.68,16.0,2194.8
Acer,Predator Helios 300,Intel i5-14600H,NVIDIA RTX 4050,16,SSD,2048,False,2.89,17.3,1715.27
Acer,Nitro 5,Intel i7-14700H,NVIDIA RTX 4070,8,SSD,2048,False,2.89,17.3,2393.05
Acer,Swift 3,Intel Core Ultra 9 15700H,Intel Arc A750M,64,SSD,2048,True,2.27,15.6,3001.02
Acer,Predator Helios 300,AMD Ryzen 5 8600H,NVIDIA RTX 4050,8,SSD,512,True,1.95,16.0,1562.19
Acer,Aspire 5,Intel i7-14700H,NVIDIA RTX 4060,64,SSD,1024,False,3.17,17.3,2040.31
Acer,TravelMate P6,Intel i7-14700H,NVIDIA RTX 4070,128,SSD,4096,True,1.72,16.0,3655.68
Acer,Swift 3,Intel Core Ultra 9 15700H,NVIDIA RTX 4070,32,SSD,2048,True,3.01,18.4,3014.51
Acer,Nitro 5,Intel i5-14600H,NVIDIA RTX 3050,64,SSD,1024,True,1.16,14.0,1984.98
Acer,Predator Helios 300,Intel i7-14700H,NVIDIA RTX 4070,16,SSD,4096,False,1.02,14.0,2880.23
Acer,Predator Helios 300,AMD Ryzen 5 8600H,NVIDIA RTX 3050,16,SSD,2048,True,2.58,17.3,1775.18
Acer,Predator Helios 300,Intel i9-14900HK,NVIDIA RTX 4080,16,SSD,512,False,1.53,15.6,2607.96
Acer,Nitro 5,Intel i5-14500H,NVIDIA RTX 3050,64,SSD,4096,False,1.94,15.6,2165.41
Acer,Swift 3,AMD Ryzen 5 8600H,NVIDIA RTX 4050,32,SSD,1024,False,1.59,15.6,1628.83
Acer,TravelMate P6,Intel Core Ultra 7 15500H,NVIDIA RTX 4070,32,SSD,4096,True,2.34,15.6,3120.87
Acer,Swift 3,AMD Ryzen 9 8900HX,AMD Radeon 780M,8,SSD,2048,False,1.22,14.0,1861.82
Acer,Predator Helios 300,AMD Ryzen 9 8900HX,NVIDIA RTX 4080,16,SSD,512,True,1.46,14.0,2707.18
Acer,Predator Helios 300,Intel i7-14700H,NVIDIA RTX 4070,32,SSD,2048,True,1.96,16.0,2727.23
Acer,Nitro 5,Intel Core Ultra 9 15700H,NVIDIA RTX 4080,32,SSD,2048,False,2.98,18.4,3014.43
Acer,TravelMate P6,Intel i7-14800H,NVIDIA RTX 4070,64,SSD,4096,False,2.23,16.0,3121.91
Acer,Aspire 5,Intel Core Ultra 9 15700H,NVIDIA RTX 4070,8,SSD,2048,True,1.48,13.3,2955.4
Acer,Predator Helios 300,Intel i7-14700H,NVIDIA RTX 4070,128,SSD,4096,True,2.53,18.4,3544.28
Acer,Predator Helios 300,Intel i7-14700H,NVIDIA RTX 4060,16,SSD,512,True,2.63,18.4,1892.75
Acer,Swift 3,Intel Core Ultra 7 15500H,Intel Arc A750M,128,SSD,256,True,2.44,15.6,2834.42
Acer,Nitro 5,Intel i9-14900HK,NVIDIA RTX 4070,32,SSD,1024,True,1.19,13.3,2840.32
Acer,Predator Helios 300,Intel i7-14700H,NVIDIA RTX 4070,8,SSD,4096,True,1.18,13.3,2956.14
Acer,Swift 3,Intel Core Ultra 7 15500H,Intel Arc A750M,8,SSD,1024,False,1.35,14.0,2138.07
Acer,Predator Helios 300,Intel Core Ultra 9 15700H,Intel Arc A750M,64,SSD,1024,False,2.92,17.3,2640.25
Acer,TravelMate P6,Intel i5-14600H,NVIDIA RTX 3050,8,SSD,512,True,3.37,17.3,1571.9
Acer,Aspire 5,AMD Ryzen 9 8900HX,NVIDIA RTX 4070,64,SSD,1024,True,2.15,15.6,2855.29
Acer,Swift 3,Intel Core Ultra 9 15700H,NVIDIA RTX 4070,64,SSD,4096,False,2.44,16.0,3356.35
Acer,Aspire 5,Intel i5-14600H,Intel Iris Xe,32,SSD,2048,True,1.76,15.6,1762.4
Acer,Nitro 5,Intel i9-14900HK,NVIDIA RTX 4080,32,SSD,512,False,2.79,18.4,2627.83
Acer,Swift 3,Intel i9-14900HK,NVIDIA RTX 4080,128,SSD,2048,False,1.37,13.3,3548.14
Acer,Predator Helios 300,AMD Ryzen 5 8600H,NVIDIA RTX 3050,64,SSD,256,True,1.21,13.3,1799.14
Acer,Aspire 5,Intel Core Ultra 7 15500H,Intel Arc A750M,32,SSD,256,True,2.62,18.4,2267.7
Acer,Predator Helios 300,Intel i5-14500H,Intel Iris Xe,32,SSD,512,False,2.4,16.0,1354.0
Acer,Nitro 5,Intel Core Ultra 9 15700H,NVIDIA RTX 4080,32,SSD,1024,True,1.18,14.0,3118.68
Acer,Predator Helios 300,Intel i5-14500H,Intel Iris Xe,16,SSD,256,True,2.27,15.6,1380.1
Acer,Nitro 5,AMD Ryzen 7 8800H,NVIDIA RTX 4070,64,SSD,2048,False,2.01,15.6,2713.06
Acer,TravelMate P6,Intel i5-14500H,Intel Iris Xe,64,SSD,512,False,1.47,14.0,1522.39
Acer,Predator Helios 300,Intel i9-14900HK,NVIDIA RTX 4070,128,SSD,512,True,1.42,14.0,3285.92
Acer,Swift 3,AMD Ryzen 9 8900HX,NVIDIA RTX 4080,64,SSD,2048,False,2.52,17.3,3053.26
Acer,Swift 3,Intel i5-14600H,NVIDIA RTX 4050,128,SSD,1024,False,1.25,13.3,2177.61
Acer,TravelMate P6,AMD Ryzen 7 8800H,NVIDIA RTX 4060,32,SSD,1024,True,1.11,13.3,2090.97
Acer,Predator Helios 300,AMD Ryzen 7 8800H,NVIDIA RTX 4060,32,SSD,4096,True,2.75,18.4,2395.8
Acer,Nitro 5,Intel i5-14500H,NVIDIA RTX 4050,8,SSD,1024,False,3.11,17.3,1531.46
Acer,Nitro 5,Intel i5-14600H,NVIDIA RTX 4050,128,SSD,1024,True,1.3,13.3,2336.62
Acer,Predator Helios 300,Intel i9-14900HK,NVIDIA RTX 4080,32,SSD,4096,False,2.8,18.4,3212.48
Acer,Predator Helios 300,Intel i7-14700H,NVIDIA RTX 4060,16,SSD,1024,True,1.1,14.0,2031.86
Acer,TravelMate P6,AMD Ryzen 7 8800H,NVIDIA RTX 4070,128,SSD,2048,False,3.06,18.4,3039.59
Acer,Predator Helios 300,Intel i9-14900HK,NVIDIA RTX 4070,128,SSD,2048,True,1.9,16.0,3550.89
Acer,TravelMate P6,Intel i7-14800H,NVIDIA RTX 4070,16,SSD,2048,False,1.79,15.6,2562.75
Acer,Predator Helios 300,Intel i9-14900HK,NVIDIA RTX 4080,64,SSD,512,False,1.46,14.0,2928.82
Acer,Predator Helios 300,Intel i9-14900HK,NVIDIA RTX 4080,32,SSD,256,True,2.43,15.6,2743.32
Acer,Swift 3,Intel Core Ultra 9 15700H,NVIDIA RTX 4070,8,SSD,1024,False,3.25,18.4,2520.79
Acer,Aspire 5,Intel Core Ultra 7 15500H,NVIDIA RTX 4070,128,SSD,4096,True,2.24,15.6,3740.78
Acer,TravelMate P6,Intel i7-14700H,NVIDIA RTX 4060,64,SSD,512,False,1.16,14.0,2067.58
Acer,Aspire 5,Intel i7-14800H,NVIDIA RTX 4080,128,SSD,2048,False,1.97,15.6,3365.05
Acer,Predator Helios 300,Intel i7-14800H,NVIDIA RTX 4070,8,SSD,256,False,1.12,13.3,2219.34
Acer,Nitro 5,Intel Core Ultra 7 15500H,Intel Arc A750M,128,SSD,4096,True,1.39,14.0,3574.56
Acer,Aspire 5,AMD Ryzen 5 8600H,NVIDIA RTX 3050,64,SSD,4096,True,1.17,14.0,2388.25
Acer,Swift 3,Intel i7-14800H,NVIDIA RTX 4060,8,SSD,1024,False,1.22,14.0,1881.67
Acer,Aspire 5,Intel i9-14900HK,NVIDIA RTX 4080,64,SSD,256,True,3.0,18.4,2986.01
Acer,Swift 3,Intel i7-14700H,NVIDIA RTX 4070,8,SSD,1024,True,1.31,13.3,2438.08
Acer,Nitro 5,Intel i5-14500H,Intel Iris Xe,8,SSD,1024,False,1.2,14.0,1372.32
Acer,Swift 3,Intel i5-14600H,Intel Iris Xe,64,SSD,256,True,2.75,17.3,1643.29
Acer,Swift 3,Intel i5-14500H,NVIDIA RTX 4050,64,SSD,4096,True,2.84,18.4,2334.98
Acer,Aspire 5,AMD Ryzen 5 8600H,NVIDIA RTX 3050,16,SSD,1024,True,3.15,18.4,1656.02
Acer,Predator Helios 300,Intel i9-14900HK,NVIDIA RTX 4080,64,SSD,2048,True,2.56,18.4,3319.7
Acer,Predator Helios 300,Intel i9-14900HK,NVIDIA RTX 4070,8,SSD,2048,True,3.13,18.4,2775.23
Acer,Nitro 5,Intel Core Ultra 9 15700H,Intel Arc A750M,16,SSD,2048,False,2.92,18.4,2536.64
Acer,Predator Helios 300,Intel i7-14700H,NVIDIA RTX 4060,16,SSD,2048,True,2.73,17.3,2125.73
Acer,TravelMate P6,Intel i5-14600H,NVIDIA RTX 3050,8,SSD,4096,True,3.4,17.3,2041.78
Acer,Predator Helios 300,Intel i5-14500H,NVIDIA RTX 4050,128,SSD,512,False,1.47,14.0,2029.11
Acer,Swift 3,Intel i7-14800H,NVIDIA RTX 4060,16,SSD,512,True,2.36,15.6,1936.37
Acer,Nitro 5,Intel i7-14800H,NVIDIA RTX 4080,8,SSD,1024,True,3.01,17.3,2661.47
Acer,TravelMate P6,AMD Ryzen 7 8800H,AMD Radeon 780M,64,SSD,512,False,1.19,13.3,1764.45
Acer,TravelMate P6,Intel i5-14600H,NVIDIA RTX 3050,128,SSD,512,True,3.07,18.4,2153.78
Acer,Predator Helios 300,AMD Ryzen 9 8900HX,AMD Radeon 780M,128,SSD,1024,True,3.15,17.3,2409.61
Acer,Swift 3,AMD Ryzen 9 8900HX,NVIDIA RTX 4080,16,SSD,2048,False,2.84,18.4,2768.7
Acer,Swift 3,AMD Ryzen 7 8800H,NVIDIA RTX 4060,64,SSD,1024,False,3.35,17.3,2018.59
Acer,Nitro 5,Intel Core Ultra 9 15700H,Intel Arc A750M,32,SSD,512,False,2.56,18.4,2337.69
Acer,Aspire 5,Intel Core Ultra 7 15500H,Intel Arc A750M,128,SSD,256,False,1.35,14.0,2692.8
Acer,TravelMate P6,AMD Ryzen 9 8900HX,NVIDIA RTX 4080,128,SSD,1024,False,2.28,15.6,3220.08
Acer,Aspire 5,Intel Core Ultra 9 15700H,NVIDIA RTX 4080,16,SSD,512,False,1.05,13.3,2737.54
Acer,Predator Helios 300,Intel i7-14800H,NVIDIA RTX 4060,16,SSD,512,True,1.41,14.0,2018.66
Acer,Predator Helios 300,Intel i5-14500H,NVIDIA RTX 3050,8,SSD,4096,True,1.67,16.0,2048.54
Acer,Aspire 5,Intel i9-14900HK,NVIDIA RTX 4070,64,SSD,2048,False,1.17,14.0,3009.94
Acer,Swift 3,Intel i5-14600H,Intel Iris Xe,32,SSD,256,True,2.39,16.0,1475.95
Acer,TravelMate P6,Intel Core Ultra 9 15700H,NVIDIA RTX 4080,8,SSD,1024,False,1.22,13.3,2756.21
Acer,Nitro 5,AMD Ryzen 9 8900HX,NVIDIA RTX 4080,128,SSD,256,False,1.45,14.0,3156.44
Acer,Swift 3,Intel i9-14900HK,NVIDIA RTX 4080,32,SSD,2048,False,2.01,15.6,2962.52
Acer,TravelMate P6,Intel Core Ultra 9 15700H,NVIDIA RTX 4070,16,SSD,1024,False,1.86,15.6,2567.73
Acer,Swift 3,Intel i7-14700H,NVIDIA RTX 4060,64,SSD,256,False,2.02,15.6,1917.0
Acer,TravelMate P6,AMD Ryzen 9 8900HX,NVIDIA RTX 4080,64,SSD,256,True,1.38,14.0,2943.52
Acer,Nitro 5,Intel Core Ultra 9 15700H,Intel Arc A750M,64,SSD,512,True,1.09,13.3,2831.84
Acer,Predator Helios 300,Intel i5-14500H,Intel Iris Xe,128,SSD,256,True,2.45,16.0,1899.12
Acer,Predator Helios 300,Intel i5-14500H,NVIDIA RTX 3050,8,SSD,256,True,3.48,18.4,1487.01
Acer,Predator Helios 300,Intel Core Ultra 7 15500H,NVIDIA RTX 4070,32,SSD,256,False,1.32,13.3,2391.18
Acer,Aspire 5,Intel Core Ultra 7 15500H,Intel Arc A750M,64,SSD,1024,False,1.45,13.3,2457.08
Acer,Nitro 5,Intel Core Ultra 9 15700H,NVIDIA RTX 4070,32,SSD,512,False,1.67,16.0,2581.91
Acer,Swift 3,AMD Ryzen 7 8800H,AMD Radeon 780M,128,SSD,512,True,2.89,17.3,2123.39
Acer,Aspire 5,AMD Ryzen 7 8800H,NVIDIA RTX 4060,64,SSD,512,False,2.33,15.6,1919.41
Acer,Swift 3,Intel Core Ultra 7 15500H,NVIDIA RTX 4070,32,SSD,512,True,1.82,15.6,2607.01
Acer,Aspire 5,Intel i7-14700H,NVIDIA RTX 4060,8,SSD,512,False,1.42,14.0,1754.46
Acer,Predator Helios 300,Intel i7-14800H,NVIDIA RTX 4080,64,SSD,4096,True,1.8,15.6,3476.83
Acer,Swift 3,Intel i5-14600H,NVIDIA RTX 4050,32,SSD,256,False,1.58,15.6,1552.14
Acer,Nitro 5,AMD Ryzen 9 8900HX,NVIDIA RTX 4080,64,SSD,256,False,1.93,16.0,2765.82
Acer,Aspire 5,Intel Core Ultra 9 15700H,NVIDIA RTX 4070,128,SSD,256,True,1.37,13.3,3361.86
Acer,Swift 3,Intel i7-14800H,NVIDIA RTX 4070,32,SSD,4096,True,1.66,15.6,3116.15
Acer,Swift 3,AMD Ryzen 7 8800H,NVIDIA RTX 4060,8,SSD,512,False,2.79,18.4,1657.91
Acer,Aspire 5,AMD Ryzen 5 8600H,NVIDIA RTX 4050,128,SSD,256,True,2.54,17.3,2071.14
Acer,Nitro 5,AMD Ryzen 9 8900HX,NVIDIA RTX 4070,64,SSD,512,True,3.0,17.3,2807.37
Acer,TravelMate P6,Intel i7-14700H,NVIDIA RTX 4060,32,SSD,512,True,2.32,15.6,1955.04
Acer,Aspire 5,Intel i7-14700H,NVIDIA RTX 4060,32,SSD,4096,False,1.55,16.0,2348.97
Acer,Nitro 5,Intel i7-14800H,NVIDIA RTX 4080,64,SSD,4096,False,2.23,15.6,3270.21
Acer,Predator Helios 300,Intel i7-14800H,NVIDIA RTX 4070,128,SSD,2048,True,1.49,13.3,3381.7
Acer,Aspire 5,Intel Core Ultra 7 15500H,NVIDIA RTX 4060,128,SSD,4096,False,3.01,17.3,2899.15
Acer,Aspire 5,AMD Ryzen 5 8600H,AMD Radeon 680M,32,SSD,512,True,3.27,17.3,1541.16
Acer,Predator Helios 300,Intel i5-14500H,Intel Iris Xe,64,SSD,256,True,1.92,15.6,1603.48
Acer,Aspire 5,AMD Ryzen 5 8600H,NVIDIA RTX 3050,128,SSD,256,False,1.26,14.0,1917.74
Acer,TravelMate P6,AMD Ryzen 5 8600H,NVIDIA RTX 3050,64,SSD,2048,False,3.01,18.4,1857.65
Acer,Predator Helios 300,Intel i7-14800H,NVIDIA RTX 4070,8,SSD,512,False,1.18,13.3,2272.41
Acer,Nitro 5,Intel i5-14500H,NVIDIA RTX 4050,32,SSD,2048,False,1.74,15.6,1828.2
Acer,Aspire 5,Intel i7-14800H,NVIDIA RTX 4060,64,SSD,2048,False,1.18,13.3,2354.22
Acer,Aspire 5,AMD Ryzen 7 8800H,NVIDIA RTX 4060,32,SSD,2048,False,1.35,14.0,2085.62
Acer,Aspire 5,AMD Ryzen 9 8900HX,AMD Radeon 780M,64,SSD,4096,True,1.89,15.6,2553.58
Acer,Aspire 5,Intel Core Ultra 7 15500H,Intel Arc A750M,8,SSD,256,False,2.29,16.0,1936.26
Acer,Aspire 5,Intel i5-14600H,NVIDIA RTX 3050,128,SSD,4096,True,1.1,13.3,2747.94
Acer,Predator Helios 300,Intel Core Ultra 7 15500H,NVIDIA RTX 4070,64,SSD,256,False,1.38,14.0,2596.41
Acer,Predator Helios 300,Intel Core Ultra 7 15500H,NVIDIA RTX 4060,64,SSD,512,False,1.3,13.3,2140.11
Acer,Predator Helios 300,Intel i9-14900HK,NVIDIA RTX 4070,32,SSD,1024,False,1.19,14.0,2659.3
Acer,Aspire 5,Intel i7-14700H,NVIDIA RTX 4060,8,SSD,256,False,1.4,14.0,1688.55
Acer,Predator Helios 300,AMD Ryzen 5 8600H,NVIDIA RTX 4050,32,SSD,4096,False,1.42,14.0,2090.31
Acer,TravelMate P6,AMD Ryzen 7 8800H,AMD Radeon 780M,128,SSD,1024,False,3.05,18.4,2088.72
Acer,Swift 3,Intel i7-14700H,NVIDIA RTX 4070,32,SSD,2048,True,2.3,15.6,2687.86
Acer,Nitro 5,Intel i5-14500H,Intel Iris Xe,64,SSD,4096,False,1.04,14.0,2063.94
Acer,Aspire 5,AMD Ryzen 7 8800H,NVIDIA RTX 4060,8,SSD,256,False,2.36,16.0,1608.63
Acer,Nitro 5,AMD Ryzen 5 8600H,AMD Radeon 680M,8,SSD,512,False,3.42,17.3,1243.76
Acer,Nitro 5,Intel i7-14800H,NVIDIA RTX 4060,8,SSD,4096,False,2.7,17.3,2222.27
Acer,Predator Helios 300,Intel i7-14800H,NVIDIA RTX 4060,32,SSD,1024,True,2.91,18.4,2094.81
Acer,Aspire 5,Intel i5-14600H,Intel Iris Xe,8,SSD,256,False,2.66,17.3,1205.14
Acer,Aspire 5,Intel i7-14800H,NVIDIA RTX 4080,128,SSD,1024,True,1.6,15.6,3367.77
Acer,Swift 3,Intel i5-14600H,NVIDIA RTX 3050,32,SSD,2048,False,1.34,14.0,1807.42
Acer,Aspire 5,Intel Core Ultra 7 15500H,NVIDIA RTX 4070,64,SSD,256,True,2.6,18.4,2687.25
Acer,TravelMate P6,Intel Core Ultra 7 15500H,NVIDIA RTX 4070,64,SSD,1024,False,2.19,16.0,2668.63
Acer,TravelMate P6,AMD Ryzen 9 8900HX,AMD Radeon 780M,128,SSD,1024,False,3.5,18.4,2250.19
Acer,Nitro 5,Intel i5-14500H,Intel Iris Xe,128,SSD,4096,True,2.24,16.0,2466.71
Acer,Swift 3,Intel Core Ultra 7 15500H,Intel Arc A750M,16,SSD,4096,True,1.23,13.3,2908.92
Acer,Aspire 5,Intel i9-14900HK,NVIDIA RTX 4070,128,SSD,2048,True,1.54,16.0,3590.89
Acer,Swift 3,Intel i7-14800H,NVIDIA RTX 4080,64,SSD,1024,False,2.81,17.3,2819.9
Acer,TravelMate P6,Intel i5-14600H,Intel Iris Xe,16,SSD,1024,False,2.29,15.6,1392.39
Acer,Swift 3,Intel i7-14700H,NVIDIA RTX 4060,32,SSD,2048,False,1.12,14.0,2152.1
Acer,Swift 3,AMD Ryzen 5 8600H,AMD Radeon 680M,128,SSD,2048,False,2.39,16.0,2040.44
Acer,Predator Helios 300,AMD Ryzen 5 8600H,NVIDIA RTX 3050,8,SSD,2048,False,1.47,13.3,1631.95
Acer,Aspire 5,AMD Ryzen 5 8600H,NVIDIA RTX 4050,16,SSD,1024,False,1.1,14.0,1615.21
Acer,Predator Helios 300,Intel i7-14700H,NVIDIA RTX 4070,128,SSD,2048,True,3.23,18.4,3303.36
Acer,Predator Helios 300,Intel i5-14600H,Intel Iris Xe,32,SSD,256,False,1.09,14.0,1375.85
Acer,Nitro 5,Intel i7-14700H,NVIDIA RTX 4070,128,SSD,256,False,1.16,14.0,2844.89
Acer,Aspire 5,Intel i9-14900HK,NVIDIA RTX 4080,128,SSD,512,True,1.37,14.0,3448.19
Asus,ZenBook 14,Intel Core Ultra 7 15500H,Intel Arc A750M,8,SSD,256,True,1.32,13.3,2278.05
Asus,ExpertBook B9,Intel i9-14900HK,NVIDIA RTX 4070,32,SSD,2048,False,2.04,16.0,2873.78
Asus,TUF Gaming F15,Intel i7-14700H,NVIDIA RTX 4070,64,SSD,256,False,2.45,15.6,2469.41
Asus,TUF Gaming F15,Intel i9-14900HK,NVIDIA RTX 4080,16,SSD,4096,False,2.96,18.4,3216.85
Asus,ZenBook 14,AMD Ryzen 7 8800H,AMD Radeon 780M,8,SSD,1024,False,1.29,14.0,1576.46
Asus,ExpertBook B9,Intel Core Ultra 9 15700H,NVIDIA RTX 4080,128,SSD,256,False,2.73,17.3,3320.88
Asus,TUF Gaming F15,Intel i5-14500H,NVIDIA RTX 4050,64,SSD,256,True,2.39,16.0,1890.49
Asus,ExpertBook B9,Intel i7-14700H,NVIDIA RTX 4070,64,SSD,512,True,3.23,18.4,2713.11
Asus,TUF Gaming F15,Intel i5-14600H,NVIDIA RTX 4050,8,SSD,256,True,2.77,17.3,1593.83
Asus,TUF Gaming F15,Intel i9-14900HK,NVIDIA RTX 4070,64,SSD,512,True,1.17,14.0,3063.89
Asus,ZenBook 14,Intel i9-14900HK,NVIDIA RTX 4070,64,SSD,4096,False,2.02,15.6,3318.11
Asus,TUF Gaming F15,AMD Ryzen 9 8900HX,NVIDIA RTX 4080,16,SSD,1024,True,1.19,13.3,2928.17
Asus,ZenBook 14,Intel i5-14500H,Intel Iris Xe,16,SSD,256,False,2.77,17.3,1255.25
Asus,ExpertBook B9,AMD Ryzen 5 8600H,AMD Radeon 680M,32,SSD,256,False,1.17,14.0,1415.33
Asus,ExpertBook B9,AMD Ryzen 7 8800H,NVIDIA RTX 4060,64,SSD,512,True,2.31,16.0,2180.49
Asus,VivoBook S15,Intel i7-14700H,NVIDIA RTX 4060,64,SSD,256,True,1.36,13.3,2223.94
Asus,VivoBook S15,Intel Core Ultra 7 15500H,NVIDIA RTX 4060,128,SSD,256,False,2.21,15.6,2392.16
Asus,VivoBook S15,Intel i5-14600H,Intel Iris Xe,128,SSD,2048,False,2.5,18.4,2105.79
Asus,ExpertBook B9,Intel i9-14900HK,NVIDIA RTX 4080,32,SSD,256,True,1.3,13.3,2968.63
Asus,TUF Gaming F15,Intel i5-14600H,NVIDIA RTX 4050,128,SSD,2048,True,1.04,14.0,2641.8
Asus,ExpertBook B9,Intel Core Ultra 7 15500H,Intel Arc A750M,128,SSD,4096,True,2.63,17.3,3533.47
Asus,VivoBook S15,Intel i9-14900HK,NVIDIA RTX 4080,16,SSD,4096,False,1.01,13.3,3391.4
Asus,ZenBook 14,Intel i5-14600H,NVIDIA RTX 4050,8,SSD,256,False,2.52,18.4,1438.94
Asus,ROG Zephyrus G15,Intel i5-14600H,NVIDIA RTX 4050,64,SSD,2048,False,2.75,18.4,2012.96
Asus,ROG Zephyrus G15,AMD Ryzen 5 8600H,AMD Radeon 680M,8,SSD,1024,True,1.43,13.3,1570.77
Asus,TUF Gaming F15,AMD Ryzen 9 8900HX,AMD Radeon 780M,16,SSD,4096,False,3.32,17.3,2183.63
Asus,ExpertBook B9,Intel i5-14600H,NVIDIA RTX 4050,64,SSD,512,False,1.47,14.0,1808.33
Asus,VivoBook S15,AMD Ryzen 5 8600H,NVIDIA RTX 4050,32,SSD,256,True,1.02,13.3,1781.87
Asus,ExpertBook B9,Intel Core Ultra 9 15700H,NVIDIA RTX 4080,128,SSD,512,False,2.01,16.0,3464.11
Asus,TUF Gaming F15,Intel Core Ultra 7 15500H,NVIDIA RTX 4070,128,SSD,2048,False,3.26,17.3,3346.11
Asus,ExpertBook B9,Intel i7-14800H,NVIDIA RTX 4070,16,SSD,4096,True,1.76,15.6,3136.81
Asus,ROG Zephyrus G15,AMD Ryzen 5 8600H,NVIDIA RTX 4050,16,SSD,4096,False,2.02,16.0,2016.25
Asus,ROG Zephyrus G15,Intel i7-14700H,NVIDIA RTX 4060,128,SSD,2048,False,2.63,17.3,2584.61
Asus,ROG Zephyrus G15,Intel i5-14500H,Intel Iris Xe,128,SSD,1024,True,2.48,16.0,2103.72
Asus,ROG Zephyrus G15,Intel i7-14700H,NVIDIA RTX 4070,32,SSD,512,False,1.55,16.0,2406.59
Asus,TUF Gaming F15,AMD Ryzen 7 8800H,NVIDIA RTX 4070,16,SSD,256,True,2.91,17.3,2340.2
Asus,VivoBook S15,Intel i5-14500H,NVIDIA RTX 4050,32,SSD,1024,True,2.58,17.3,1866.52
Asus,VivoBook S15,Intel i9-14900HK,NVIDIA RTX 4080,32,SSD,2048,False,3.08,17.3,3043.14
Asus,ROG Zephyrus G15,Intel i7-14800H,NVIDIA RTX 4060,128,SSD,4096,True,1.25,14.0,3211.26
Asus,ExpertBook B9,Intel i5-14600H,Intel Iris Xe,16,SSD,1024,False,2.23,15.6,1412.33
Asus,ExpertBook B9,Intel i7-14700H,NVIDIA RTX 4060,16,SSD,512,False,2.32,15.6,1817.25
Asus,TUF Gaming F15,AMD Ryzen 7 8800H,AMD Radeon 780M,8,SSD,1024,True,2.79,18.4,1701.88
Asus,ZenBook 14,Intel i5-14500H,NVIDIA RTX 4050,32,SSD,1024,False,1.09,13.3,1742.06
Asus,ROG Zephyrus G15,Intel Core Ultra 7 15500H,NVIDIA RTX 4060,8,SSD,4096,False,2.12,16.0,2385.74
Asus,ZenBook 14,Intel Core Ultra 9 15700H,NVIDIA RTX 4080,128,SSD,4096,True,1.51,15.6,4253.22
Asus,VivoBook S15,AMD Ryzen 5 8600H,NVIDIA RTX 4050,64,SSD,1024,False,1.11,14.0,1883.2
Asus,ExpertBook B9,Intel i7-14700H,NVIDIA RTX 4060,128,SSD,1024,False,2.26,15.6,2424.29
Asus,VivoBook S15,AMD Ryzen 9 8900HX,NVIDIA RTX 4070,32,SSD,1024,False,1.45,13.3,2676.47
Asus,ZenBook 14,AMD Ryzen 7 8800H,NVIDIA RTX 4060,32,SSD,512,False,1.21,14.0,1899.9
Asus,TUF Gaming F15,AMD Ryzen 9 8900HX,NVIDIA RTX 4070,64,SSD,2048,False,1.3,13.3,3025.51
Asus,ZenBook 14,Intel i5-14500H,NVIDIA RTX 4050,16,SSD,256,True,2.1,15.6,1622.49
Asus,ExpertBook B9,Intel Core Ultra 9 15700H,Intel Arc A750M,64,SSD,256,True,1.43,13.3,2813.81
Asus,ExpertBook B9,AMD Ryzen 9 8900HX,AMD Radeon 780M,32,SSD,4096,False,1.44,13.3,2296.24
Asus,ExpertBook B9,AMD Ryzen 9 8900HX,AMD Radeon 780M,128,SSD,256,False,2.51,18.4,2159.89
Asus,ZenBook 14,AMD Ryzen 7 8800H,AMD Radeon 780M,16,SSD,4096,False,3.05,18.4,1988.51
Asus,ExpertBook B9,Intel Core Ultra 9 15700H,NVIDIA RTX 4070,32,SSD,256,True,3.32,18.4,2800.88
Asus,VivoBook S15,Intel i5-14600H,NVIDIA RTX 3050,16,SSD,256,False,1.04,14.0,1519.85
Asus,VivoBook S15,Intel i5-14500H,Intel Iris Xe,16,SSD,256,False,1.63,16.0,1286.54
Asus,ZenBook 14,AMD Ryzen 7 8800H,NVIDIA RTX 4060,8,SSD,2048,True,1.25,13.3,2193.69
Asus,ZenBook 14,Intel Core Ultra 9 15700H,Intel Arc A750M,32,SSD,512,True,1.05,13.3,2703.11
Asus,ROG Zephyrus G15,Intel i7-14800H,NVIDIA RTX 4070,16,SSD,256,True,2.52,17.3,2415.5
Asus,ExpertBook B9,Intel i5-14600H,NVIDIA RTX 3050,8,SSD,2048,False,1.43,14.0,1747.2
Asus,ExpertBook B9,AMD Ryzen 9 8900HX,NVIDIA RTX 4070,32,SSD,512,False,3.05,18.4,2474.86
Asus,ROG Zephyrus G15,AMD Ryzen 9 8900HX,NVIDIA RTX 4070,16,SSD,4096,True,2.24,15.6,3162.17
Asus,TUF Gaming F15,Intel Core Ultra 9 15700H,NVIDIA RTX 4070,16,SSD,512,True,1.05,13.3,2852.97
Asus,VivoBook S15,AMD Ryzen 5 8600H,NVIDIA RTX 3050,16,SSD,4096,False,2.66,17.3,1936.54
Asus,ROG Zephyrus G15,Intel i9-14900HK,NVIDIA RTX 4080,32,SSD,1024,True,1.99,15.6,3001.88
Asus,ROG Zephyrus G15,Intel i9-14900HK,NVIDIA RTX 4070,128,SSD,256,True,1.24,13.3,3353.96
Asus,TUF Gaming F15,Intel i5-14600H,NVIDIA RTX 4050,128,SSD,1024,True,1.8,15.6,2368.55
Asus,TUF Gaming F15,Intel Core Ultra 9 15700H,NVIDIA RTX 4070,8,SSD,4096,False,2.62,17.3,3080.41
Asus,ZenBook 14,Intel Core Ultra 7 15500H,NVIDIA RTX 4070,64,SSD,1024,False,3.08,18.4,2723.56
Asus,ZenBook 14,AMD Ryzen 5 8600H,AMD Radeon 680M,8,SSD,256,True,2.58,18.4,1413.44
Asus,ZenBook 14,Intel i5-14500H,Intel Iris Xe,32,SSD,1024,True,1.17,14.0,1713.37
Asus,ExpertBook B9,Intel i7-14700H,NVIDIA RTX 4070,128,SSD,1024,False,1.77,16.0,3059.12
Asus,ExpertBook B9,Intel i9-14900HK,NVIDIA RTX 4070,128,SSD,256,True,1.0,14.0,3365.15
Asus,VivoBook S15,Intel i9-14900HK,NVIDIA RTX 4080,8,SSD,1024,False,1.82,16.0,2685.49
Asus,VivoBook S15,Intel i7-14800H,NVIDIA RTX 4070,128,SSD,512,True,2.96,17.3,3163.27
Asus,TUF Gaming F15,Intel i5-14500H,Intel Iris Xe,32,SSD,4096,True,3.23,17.3,2038.3
Asus,TUF Gaming F15,Intel i5-14600H,NVIDIA RTX 3050,16,SSD,512,True,2.22,15.6,1640.39
Asus,ExpertBook B9,Intel i5-14500H,NVIDIA RTX 4050,32,SSD,2048,False,1.9,16.0,1862.16
Asus,ExpertBook B9,AMD Ryzen 5 8600H,NVIDIA RTX 3050,64,SSD,256,True,3.18,17.3,1781.84
Asus,ZenBook 14,Intel i7-14800H,NVIDIA RTX 4080,64,SSD,2048,False,3.05,17.3,3095.31
Asus,TUF Gaming F15,Intel i7-14700H,NVIDIA RTX 4070,64,SSD,2048,False,2.78,17.3,2783.69
Asus,ROG Zephyrus G15,AMD Ryzen 9 8900HX,AMD Radeon 780M,32,SSD,256,True,2.4,15.6,1870.06
Asus,VivoBook S15,Intel i9-14900HK,NVIDIA RTX 4070,64,SSD,256,False,2.03,16.0,2675.08
Asus,ExpertBook B9,AMD Ryzen 9 8900HX,NVIDIA RTX 4070,128,SSD,2048,True,2.8,17.3,3507.86
Asus,TUF Gaming F15,AMD Ryzen 5 8600H,AMD Radeon 680M,64,SSD,512,False,3.24,17.3,1575.62
Asus,TUF Gaming F15,Intel i9-14900HK,NVIDIA RTX 4080,128,SSD,256,False,3.17,18.4,3221.02
Asus,ExpertBook B9,Intel i9-14900HK,NVIDIA RTX 4070,32,SSD,256,False,2.86,17.3,2497.83
Asus,VivoBook S15,Intel Core Ultra 9 15700H,NVIDIA RTX 4070,128,SSD,4096,False,2.62,17.3,3868.07
Asus,ZenBook 14,AMD Ryzen 9 8900HX,AMD Radeon 780M,16,SSD,512,True,1.18,13.3,1886.53
Asus,TUF Gaming F15,Intel i9-14900HK,NVIDIA RTX 4080,32,SSD,1024,False,1.02,13.3,2987.04
Asus,ROG Zephyrus G15,Intel i9-14900HK,NVIDIA RTX 4080,32,SSD,4096,False,1.17,14.0,3432.63
Asus,ZenBook 14,Intel Core Ultra 9 15700H,NVIDIA RTX 4080,64,SSD,4096,True,1.18,13.3,3966.48
Asus,TUF Gaming F15,Intel i5-14500H,NVIDIA RTX 4050,8,SSD,1024,False,1.37,14.0,1621.91
Asus,ROG Zephyrus G15,Intel i7-14800H,NVIDIA RTX 4060,128,SSD,2048,True,1.09,13.3,2924.21
Asus,ROG Zephyrus G15,Intel i7-14700H,NVIDIA RTX 4060,32,SSD,256,True,1.67,15.6,2031.04
Asus,ExpertBook B9,AMD Ryzen 7 8800H,NVIDIA RTX 4070,128,SSD,4096,True,2.23,15.6,3647.25
Asus,ZenBook 14,Intel i7-14700H,NVIDIA RTX 4060,16,SSD,256,False,3.12,18.4,1763.76
Asus,TUF Gaming F15,AMD Ryzen 5 8600H,AMD Radeon 680M,8,SSD,4096,True,2.11,16.0,1975.8
Asus,VivoBook S15,Intel i7-14800H,NVIDIA RTX 4070,64,SSD,256,True,1.51,16.0,2777.74
Asus,VivoBook S15,AMD Ryzen 5 8600H,NVIDIA RTX 4050,64,SSD,512,True,1.62,15.6,1915.47
Asus,ExpertBook B9,Intel i5-14600H,NVIDIA RTX 3050,128,SSD,256,True,1.24,13.3,2215.86
Asus,ExpertBook B9,Intel i7-14800H,NVIDIA RTX 4060,64,SSD,256,False,2.06,15.6,2060.16
Asus,ZenBook 14,Intel i7-14700H,NVIDIA RTX 4070,128,SSD,1024,True,2.62,18.4,3218.65
Asus,ExpertBook B9,AMD Ryzen 9 8900HX,NVIDIA RTX 4080,128,SSD,2048,False,1.86,15.6,3570.82
Asus,ROG Zephyrus G15,AMD Ryzen 5 8600H,NVIDIA RTX 4050,64,SSD,256,True,3.42,18.4,1851.15
Asus,ExpertBook B9,Intel i9-14900HK,NVIDIA RTX 4070,8,SSD,256,True,2.85,17.3,2554.04
Asus,ROG Zephyrus G15,Intel i5-14500H,Intel Iris Xe,64,SSD,256,True,1.42,14.0,1715.55
Asus,ExpertBook B9,AMD Ryzen 9 8900HX,NVIDIA RTX 4070,128,SSD,4096,False,1.92,16.0,3727.07
Asus,TUF Gaming F15,Intel Core Ultra 7 15500H,NVIDIA RTX 4070,8,SSD,256,False,1.35,13.3,2337.33
Asus,TUF Gaming F15,Intel i7-14800H,NVIDIA RTX 4080,16,SSD,4096,False,3.04,17.3,3044.85
Asus,ExpertBook B9,Intel i5-14600H,NVIDIA RTX 4050,8,SSD,256,False,3.19,18.4,1466.69
Asus,VivoBook S15,Intel Core Ultra 9 15700H,Intel Arc A750M,64,SSD,512,True,1.0,13.3,2883.47
Asus,VivoBook S15,Intel i7-14800H,NVIDIA RTX 4080,16,SSD,512,False,2.2,15.6,2503.05
Asus,ZenBook 14,Intel Core Ultra 9 15700H,Intel Arc A750M,128,SSD,2048,False,2.68,17.3,3233.93
Asus,TUF Gaming F15,AMD Ryzen 9 8900HX,NVIDIA RTX 4080,64,SSD,256,False,1.02,14.0,2905.46
Asus,ROG Zephyrus G15,Intel i7-14800H,NVIDIA RTX 4060,64,SSD,1024,True,1.68,15.6,2380.97
Asus,VivoBook S15,Intel i7-14800H,NVIDIA RTX 4070,16,SSD,1024,False,1.81,15.6,2437.37
Asus,VivoBook S15,Intel i5-14600H,NVIDIA RTX 3050,8,SSD,256,False,3.37,17.3,1400.97
Asus,ROG Zephyrus G15,Intel Core Ultra 9 15700H,Intel Arc A750M,8,SSD,4096,False,2.78,18.4,2814.49
Asus,ExpertBook B9,AMD Ryzen 5 8600H,NVIDIA RTX 3050,64,SSD,4096,False,1.16,13.3,2257.72
Asus,ROG Zephyrus G15,AMD Ryzen 5 8600H,AMD Radeon 680M,8,SSD,1024,False,3.14,17.3,1380.63
Asus,VivoBook S15,Intel i5-14500H,NVIDIA RTX 4050,64,SSD,512,False,2.68,18.4,1766.13
Asus,ZenBook 14,Intel i9-14900HK,NVIDIA RTX 4070,64,SSD,512,False,3.18,17.3,2722.83
Asus,ZenBook 14,AMD Ryzen 5 8600H,AMD Radeon 680M,64,SSD,512,True,2.58,17.3,1750.45
Asus,ROG Zephyrus G15,AMD Ryzen 5 8600H,AMD Radeon 680M,64,SSD,2048,True,1.49,13.3,2037.42
Asus,ZenBook 14,Intel i5-14500H,NVIDIA RTX 4050,64,SSD,1024,True,3.18,17.3,1991.57
Asus,ZenBook 14,AMD Ryzen 7 8800H,AMD Radeon 780M,32,SSD,512,False,2.99,18.4,1602.33
Asus,ZenBook 14,AMD Ryzen 9 8900HX,NVIDIA RTX 4070,128,SSD,1024,True,2.33,15.6,3354.9
Asus,ROG Zephyrus G15,Intel i5-14500H,Intel Iris Xe,8,SSD,256,True,1.05,14.0,1437.76
Asus,VivoBook S15,Intel Core Ultra 9 15700H,NVIDIA RTX 4080,64,SSD,4096,True,2.95,17.3,3760.71
Asus,ExpertBook B9,Intel Core Ultra 9 15700H,Intel Arc A750M,8,SSD,256,True,2.2,16.0,2368.58
Asus,TUF Gaming F15,AMD Ryzen 7 8800H,NVIDIA RTX 4060,64,SSD,1024,False,1.88,16.0,2099.92
Asus,ZenBook 14,Intel i5-14600H,NVIDIA RTX 3050,64,SSD,256,False,1.9,16.0,1678.15
Asus,ExpertBook B9,Intel i5-14600H,NVIDIA RTX 4050,64,SSD,1024,True,2.51,18.4,2011.98
Asus,ExpertBook B9,Intel i5-14500H,NVIDIA RTX 4050,8,SSD,1024,True,1.83,16.0,1755.1
Asus,ExpertBook B9,Intel i5-14600H,NVIDIA RTX 4050,64,SSD,2048,True,1.12,14.0,2273.08
Asus,TUF Gaming F15,AMD Ryzen 5 8600H,AMD Radeon 680M,128,SSD,512,True,1.03,14.0,2106.17
Asus,VivoBook S15,Intel i5-14500H,Intel Iris Xe,64,SSD,4096,True,1.28,14.0,2288.24
Asus,VivoBook S15,Intel i5-14500H,NVIDIA RTX 3050,16,SSD,512,False,1.35,14.0,1528.52
Asus,VivoBook S15,AMD Ryzen 9 8900HX,NVIDIA RTX 4070,128,SSD,1024,True,1.23,14.0,3493.23
Asus,TUF Gaming F15,Intel i7-14700H,NVIDIA RTX 4070,64,SSD,256,True,2.24,16.0,2630.83
Asus,TUF Gaming F15,Intel i5-14600H,NVIDIA RTX 3050,8,SSD,1024,True,1.29,13.3,1757.84
Asus,ExpertBook B9,AMD Ryzen 7 8800H,AMD Radeon 780M,128,SSD,4096,False,2.59,17.3,2551.94
Asus,ROG Zephyrus G15,Intel Core Ultra 9 15700H,NVIDIA RTX 4070,8,SSD,1024,True,1.37,14.0,2853.13
Asus,ZenBook 14,Intel i7-14800H,NVIDIA RTX 4060,32,SSD,512,True,3.46,17.3,2080.6
Asus,ROG Zephyrus G15,Intel i7-14800H,NVIDIA RTX 4070,64,SSD,2048,False,3.0,17.3,2856.29
Asus,TUF Gaming F15,AMD Ryzen 7 8800H,NVIDIA RTX 4070,128,SSD,2048,False,1.14,14.0,3223.17
Asus,VivoBook S15,AMD Ryzen 7 8800H,NVIDIA RTX 4060,128,SSD,512,False,2.31,16.0,2292.75
Asus,TUF Gaming F15,Intel Core Ultra 9 15700H,NVIDIA RTX 4080,128,SSD,2048,True,1.1,14.0,4085.66
Asus,TUF Gaming F15,Intel i7-14700H,NVIDIA RTX 4070,64,SSD,512,False,2.02,15.6,2565.08
Asus,TUF Gaming F15,Intel i7-14800H,NVIDIA RTX 4070,128,SSD,2048,True,1.19,14.0,3571.34
Asus,ExpertBook B9,Intel Core Ultra 7 15500H,Intel Arc A750M,128,SSD,1024,False,2.27,15.6,2849.05
Asus,ZenBook 14,Intel i5-14500H,Intel Iris Xe,16,SSD,4096,False,1.57,15.6,1868.55
Asus,ROG Zephyrus G15,AMD Ryzen 7 8800H,AMD Radeon 780M,8,SSD,256,False,1.63,15.6,1419.23
Asus,VivoBook S15,AMD Ryzen 5 8600H,NVIDIA RTX 4050,64,SSD,4096,False,1.28,14.0,2320.85
Asus,ROG Zephyrus G15,Intel i7-14700H,NVIDIA RTX 4060,8,SSD,512,False,2.44,16.0,1754.05
Asus,ZenBook 14,Intel Core Ultra 7 15500H,NVIDIA RTX 4070,64,SSD,512,True,2.39,16.0,2861.9
Asus,ExpertBook B9,Intel i5-14500H,Intel Iris Xe,16,SSD,256,True,1.45,14.0,1441.99
Asus,ExpertBook B9,AMD Ryzen 5 8600H,NVIDIA RTX 3050,8,SSD,256,True,2.88,17.3,1529.34
Asus,TUF Gaming F15,Intel i5-14500H,NVIDIA RTX 4050,64,SSD,256,False,2.03,16.0,1737.09
Asus,VivoBook S15,AMD Ryzen 7 8800H,NVIDIA RTX 4060,32,SSD,4096,True,2.65,18.4,2497.14
Asus,ROG Zephyrus G15,Intel i9-14900HK,NVIDIA RTX 4080,128,SSD,512,False,2.75,18.4,3345.46
Asus,ROG Zephyrus G15,Intel i7-14800H,NVIDIA RTX 4080,16,SSD,1024,True,1.36,14.0,2845.74
Asus,ROG Zephyrus G15,Intel i5-14600H,NVIDIA RTX 3050,128,SSD,256,False,1.79,15.6,2003.37
Asus,ROG Zephyrus G15,Intel i5-14600H,NVIDIA RTX 4050,16,SSD,512,False,3.48,18.4,1563.6
Asus,VivoBook S15,Intel Core Ultra 7 15500H,NVIDIA RTX 4060,128,SSD,1024,False,2.99,17.3,2553.34
Asus,ROG Zephyrus G15,Intel i5-14500H,NVIDIA RTX 3050,64,SSD,1024,False,2.63,18.4,1815.19
Asus,ZenBook 14,AMD Ryzen 5 8600H,NVIDIA RTX 4050,16,SSD,1024,False,1.17,13.3,1662.62
Asus,ExpertBook B9,AMD Ryzen 7 8800H,NVIDIA RTX 4070,16,SSD,4096,False,1.45,13.3,2808.96
Asus,ROG Zephyrus G15,Intel i9-14900HK,NVIDIA RTX 4070,128,SSD,4096,True,1.78,15.6,3997.87
Asus,ZenBook 14,Intel Core Ultra 7 15500H,Intel Arc A750M,8,SSD,1024,True,2.89,18.4,2350.69
Asus,ExpertBook B9,AMD Ryzen 7 8800H,NVIDIA RTX 4070,16,SSD,4096,False,2.63,18.4,2748.66
Asus,ZenBook 14,Intel i5-14500H,NVIDIA RTX 4050,128,SSD,4096,True,1.61,15.6,2779.03
Asus,VivoBook S15,Intel i5-14600H,NVIDIA RTX 4050,32,SSD,2048,False,1.4,13.3,1914.62
Asus,ROG Zephyrus G15,AMD Ryzen 9 8900HX,NVIDIA RTX 4070,32,SSD,4096,False,1.41,13.3,3148.77
Dell,Alienware M15,AMD Ryzen 9 8900HX,NVIDIA RTX 4070,8,SSD,512,True,1.96,16.0,2878.43
Dell,Alienware M15,AMD Ryzen 5 8600H,NVIDIA RTX 4050,32,SSD,4096,True,3.34,18.4,2515.84
Dell,XPS 15,Intel i5-14600H,Intel Iris Xe,64,SSD,1024,True,1.47,13.3,2079.88
Dell,XPS 13,Intel i9-14900HK,NVIDIA RTX 4070,64,SSD,256,False,2.46,16.0,2983.77
Dell,XPS 13,Intel i5-14500H,Intel Iris Xe,8,SSD,1024,True,2.03,16.0,1718.73
Dell,Latitude 7420,Intel i5-14500H,NVIDIA RTX 3050,16,SSD,1024,False,2.89,17.3,1761.54
Dell,XPS 13,Intel Core Ultra 9 15700H,NVIDIA RTX 4070,64,SSD,4096,True,1.43,14.0,4104.88
Dell,Alienware M15,Intel Core Ultra 7 15500H,Intel Arc A750M,32,SSD,4096,False,1.23,14.0,3267.73
Dell,Latitude 7420,Intel Core Ultra 9 15700H,Intel Arc A750M,32,SSD,512,True,2.91,18.4,2879.44
Dell,Alienware M15,Intel Core Ultra 9 15700H,NVIDIA RTX 4070,8,SSD,256,True,1.34,14.0,3021.4
Dell,XPS 13,Intel Core Ultra 7 15500H,Intel Arc A750M,128,SSD,256,False,2.46,16.0,3063.45
Dell,XPS 15,Intel i5-14600H,Intel Iris Xe,64,SSD,256,False,1.21,13.3,1744.1
Dell,Latitude 7420,Intel i7-14700H,NVIDIA RTX 4070,8,SSD,1024,False,2.39,15.6,2543.36
Dell,XPS 15,Intel i5-14600H,Intel Iris Xe,64,SSD,1024,False,2.79,17.3,1875.89
Dell,XPS 13,Intel Core Ultra 9 15700H,NVIDIA RTX 4070,64,SSD,512,True,2.14,15.6,3404.28
Dell,Latitude 7420,Intel Core Ultra 7 15500H,NVIDIA RTX 4060,64,SSD,4096,True,2.46,16.0,3155.06
Dell,XPS 15,Intel i7-14700H,NVIDIA RTX 4070,64,SSD,4096,True,1.23,13.3,3779.58
Dell,Latitude 7420,Intel i5-14600H,NVIDIA RTX 3050,128,SSD,2048,True,3.0,18.4,2750.49
Dell,Inspiron 15,AMD Ryzen 5 8600H,NVIDIA RTX 4050,128,SSD,2048,True,3.4,18.4,2762.81
Dell,XPS 15,AMD Ryzen 9 8900HX,NVIDIA RTX 4080,64,SSD,1024,True,3.06,17.3,3498.89
Dell,XPS 13,Intel i7-14800H,NVIDIA RTX 4070,64,SSD,4096,False,1.73,16.0,3615.28
Dell,Alienware M15,Intel i9-14900HK,NVIDIA RTX 4070,32,SSD,256,True,3.45,17.3,3001.19
Dell,Alienware M15,Intel i7-14700H,NVIDIA RTX 4070,32,SSD,2048,True,1.47,14.0,3202.37
Dell,Latitude 7420,Intel Core Ultra 7 15500H,Intel Arc A750M,8,SSD,512,True,1.03,14.0,2610.92
Dell,XPS 13,Intel Core Ultra 7 15500H,NVIDIA RTX 4070,32,SSD,1024,False,1.49,14.0,2951.99
Dell,XPS 13,AMD Ryzen 9 8900HX,NVIDIA RTX 4080,64,SSD,4096,True,1.09,14.0,4281.26
Dell,Alienware M15,Intel i7-14700H,NVIDIA RTX 4070,64,SSD,2048,True,1.59,16.0,3409.62
Dell,Inspiron 15,Intel i7-14700H,NVIDIA RTX 4060,8,SSD,1024,True,2.07,16.0,2240.77
Dell,Alienware M15,Intel Core Ultra 7 15500H,Intel Arc A750M,8,SSD,512,False,2.9,18.4,2303.02
Dell,Inspiron 15,Intel i7-14800H,NVIDIA RTX 4060,64,SSD,1024,True,2.68,18.4,2631.5
Dell,XPS 13,AMD Ryzen 9 8900HX,AMD Radeon 780M,32,SSD,256,True,3.32,17.3,2112.92
Dell,Alienware M15,Intel i5-14500H,NVIDIA RTX 4050,64,SSD,512,True,1.11,14.0,2239.07
Dell,Alienware M15,AMD Ryzen 7 8800H,NVIDIA RTX 4070,64,SSD,512,False,2.81,17.3,2779.38
Dell,Alienware M15,Intel i7-14800H,NVIDIA RTX 4070,128,SSD,256,True,3.09,17.3,3506.93
Dell,Alienware M15,Intel Core Ultra 9 15700H,NVIDIA RTX 4080,64,SSD,512,True,2.77,18.4,3566.33
Dell,Alienware M15,Intel Core Ultra 9 15700H,Intel Arc A750M,8,SSD,1024,False,2.0,16.0,2635.05
Dell,Inspiron 15,AMD Ryzen 9 8900HX,AMD Radeon 780M,32,SSD,4096,True,1.37,14.0,2811.21
Dell,XPS 15,Intel Core Ultra 7 15500H,NVIDIA RTX 4070,128,SSD,2048,True,2.49,16.0,3927.99
Dell,Latitude 7420,AMD Ryzen 5 8600H,AMD Radeon 680M,8,SSD,256,True,3.26,17.3,1566.85
Dell,Inspiron 15,AMD Ryzen 5 8600H,AMD Radeon 680M,16,SSD,256,True,1.91,16.0,1612.34
Dell,XPS 13,Intel Core Ultra 9 15700H,Intel Arc A750M,8,SSD,4096,True,3.07,17.3,3385.64
Dell,Alienware M15,Intel i7-14700H,NVIDIA RTX 4060,32,SSD,512,False,1.05,14.0,2214.46
Dell,Alienware M15,AMD Ryzen 9 8900HX,AMD Radeon 780M,128,SSD,4096,False,1.33,14.0,3150.22
Dell,Inspiron 15,AMD Ryzen 5 8600H,NVIDIA RTX 3050,16,SSD,512,True,1.45,13.3,1825.9
Dell,Latitude 7420,Intel Core Ultra 9 15700H,NVIDIA RTX 4080,128,SSD,256,True,1.2,14.0,4104.19
Dell,XPS 15,Intel i7-14700H,NVIDIA RTX 4060,32,SSD,2048,True,1.3,13.3,2599.89
Dell,Alienware M15,AMD Ryzen 5 8600H,AMD Radeon 680M,64,SSD,256,True,2.84,18.4,1900.3
Dell,Inspiron 15,Intel i7-14700H,NVIDIA RTX 4070,16,SSD,1024,True,2.05,15.6,2811.05
Dell,XPS 15,Intel i7-14700H,NVIDIA RTX 4070,64,SSD,4096,True,1.4,14.0,3749.85
Dell,XPS 13,Intel i7-14800H,NVIDIA RTX 4080,128,SSD,1024,True,1.34,13.3,3974.98
Dell,XPS 15,Intel i5-14500H,NVIDIA RTX 4050,16,SSD,256,False,1.08,13.3,1701.6
Dell,XPS 15,AMD Ryzen 7 8800H,NVIDIA RTX 4060,64,SSD,512,False,1.31,13.3,2302.51
Dell,Alienware M15,Intel i5-14600H,NVIDIA RTX 3050,128,SSD,256,True,2.16,16.0,2388.3
Dell,Inspiron 15,Intel i7-14800H,NVIDIA RTX 4070,128,SSD,512,False,1.01,14.0,3513.34
Dell,XPS 13,Intel i5-14500H,NVIDIA RTX 3050,8,SSD,1024,False,1.35,13.3,1723.84
Dell,Inspiron 15,Intel Core Ultra 9 15700H,Intel Arc A750M,8,SSD,256,True,1.18,13.3,2767.16
Dell,Inspiron 15,Intel Core Ultra 9 15700H,NVIDIA RTX 4080,128,SSD,4096,False,1.17,13.3,4623.96
Dell,XPS 15,Intel i5-14600H,NVIDIA RTX 3050,128,SSD,256,True,1.33,14.0,2448.06
Dell,Inspiron 15,Intel Core Ultra 7 15500H,NVIDIA RTX 4060,16,SSD,4096,True,1.31,13.3,2920.21
Dell,Latitude 7420,AMD Ryzen 9 8900HX,NVIDIA RTX 4080,64,SSD,256,False,3.49,17.3,3178.58
Dell,Alienware M15,AMD Ryzen 7 8800H,NVIDIA RTX 4060,16,SSD,4096,False,3.32,18.4,2551.84
Dell,Inspiron 15,Intel Core Ultra 9 15700H,NVIDIA RTX 4080,32,SSD,512,False,2.75,17.3,3176.4
Dell,Latitude 7420,AMD Ryzen 5 8600H,NVIDIA RTX 4050,16,SSD,512,True,1.03,13.3,1960.37
Dell,XPS 13,Intel i5-14500H,NVIDIA RTX 3050,32,SSD,2048,False,1.95,16.0,2023.56
Dell,XPS 15,AMD Ryzen 9 8900HX,NVIDIA RTX 4070,128,SSD,256,False,1.45,13.3,3402.44
Dell,Alienware M15,Intel i7-14800H,NVIDIA RTX 4070,64,SSD,2048,False,2.37,16.0,3201.72
Dell,Alienware M15,AMD Ryzen 5 8600H,NVIDIA RTX 3050,32,SSD,2048,True,1.28,13.3,2228.37
Dell,Inspiron 15,Intel Core Ultra 7 15500H,NVIDIA RTX 4070,128,SSD,4096,False,1.2,14.0,4206.51
Dell,Latitude 7420,AMD Ryzen 9 8900HX,NVIDIA RTX 4080,64,SSD,2048,False,3.29,17.3,3532.22
Dell,XPS 15,Intel i9-14900HK,NVIDIA RTX 4080,16,SSD,1024,False,1.39,13.3,3143.44
Dell,Latitude 7420,AMD Ryzen 9 8900HX,AMD Radeon 780M,128,SSD,1024,False,2.56,17.3,2602.74
Dell,Alienware M15,AMD Ryzen 5 8600H,AMD Radeon 680M,8,SSD,512,False,2.66,18.4,1450.29
Dell,XPS 15,Intel i7-14800H,NVIDIA RTX 4060,8,SSD,2048,False,1.01,14.0,2381.47
Dell,Inspiron 15,Intel i9-14900HK,NVIDIA RTX 4070,32,SSD,4096,True,1.49,14.0,3828.09
Dell,XPS 13,AMD Ryzen 7 8800H,NVIDIA RTX 4060,128,SSD,1024,True,1.48,13.3,2961.21
Dell,XPS 13,Intel i7-14800H,NVIDIA RTX 4080,128,SSD,2048,True,2.21,15.6,4090.08
Dell,Alienware M15,AMD Ryzen 5 8600H,AMD Radeon 680M,16,SSD,256,False,1.06,13.3,1486.5
Dell,Latitude 7420,Intel i9-14900HK,NVIDIA RTX 4080,128,SSD,256,False,2.91,17.3,3678.36
Dell,XPS 13,Intel i9-14900HK,NVIDIA RTX 4080,64,SSD,256,True,1.17,14.0,3576.81
Dell,Alienware M15,AMD Ryzen 9 8900HX,NVIDIA RTX 4070,8,SSD,512,False,1.07,13.3,2767.0
Dell,Inspiron 15,Intel i5-14500H,NVIDIA RTX 3050,64,SSD,512,False,2.31,16.0,1901.45
Dell,Inspiron 15,AMD Ryzen 9 8900HX,NVIDIA RTX 4080,16,SSD,4096,True,1.58,15.6,3767.48
Dell,Latitude 7420,Intel i9-14900HK,NVIDIA RTX 4080,64,SSD,1024,False,3.09,17.3,3394.97
Dell,XPS 13,Intel Core Ultra 9 15700H,NVIDIA RTX 4070,64,SSD,1024,False,3.47,18.4,3330.31
Dell,XPS 15,Intel i5-14500H,NVIDIA RTX 4050,128,SSD,256,False,1.14,13.3,2340.95
Dell,Latitude 7420,Intel i7-14700H,NVIDIA RTX 4070,64,SSD,2048,False,3.25,17.3,3178.37
Dell,XPS 15,Intel i7-14700H,NVIDIA RTX 4070,64,SSD,512,False,1.01,14.0,2987.88
Dell,Inspiron 15,Intel i7-14700H,NVIDIA RTX 4060,16,SSD,512,True,1.04,14.0,2260.65
Dell,XPS 15,Intel Core Ultra 9 15700H,NVIDIA RTX 4070,32,SSD,2048,True,3.11,18.4,3454.53
Dell,Latitude 7420,Intel Core Ultra 9 15700H,Intel Arc A750M,16,SSD,1024,False,1.29,14.0,2758.26
Dell,Alienware M15,Intel i5-14600H,NVIDIA RTX 3050,32,SSD,2048,False,1.63,15.6,2065.6
Dell,Inspiron 15,Intel Core Ultra 7 15500H,NVIDIA RTX 4070,32,SSD,256,True,2.5,17.3,2865.91
Dell,XPS 15,Intel i5-14500H,Intel Iris Xe,32,SSD,1024,True,1.97,16.0,1827.78
Dell,Alienware M15,Intel i5-14600H,NVIDIA RTX 3050,32,SSD,1024,False,1.37,13.3,1888.16
Dell,Latitude 7420,AMD Ryzen 9 8900HX,AMD Radeon 780M,8,SSD,512,False,2.29,16.0,1836.94
Dell,Inspiron 15,AMD Ryzen 5 8600H,NVIDIA RTX 3050,32,SSD,1024,True,2.04,15.6,2014.88
Dell,Alienware M15,Intel i9-14900HK,NVIDIA RTX 4080,64,SSD,512,False,3.0,18.4,3316.84
Dell,Inspiron 15,Intel i9-14900HK,NVIDIA RTX 4080,16,SSD,4096,True,1.43,13.3,3857.99
Dell,Latitude 7420,Intel i5-14600H,NVIDIA RTX 4050,64,SSD,1024,True,1.28,14.0,2320.5
Dell,Alienware M15,Intel i7-14700H,NVIDIA RTX 4070,128,SSD,512,False,3.23,18.4,3216.8
Dell,XPS 15,Intel i7-14700H,NVIDIA RTX 4070,8,SSD,4096,False,1.54,15.6,3130.88
Dell,XPS 15,Intel i9-14900HK,NVIDIA RTX 4080,8,SSD,4096,False,2.7,18.4,3579.49
Dell,XPS 15,Intel i7-14800H,NVIDIA RTX 4060,16,SSD,512,False,2.91,18.4,2103.62
Dell,XPS 15,AMD Ryzen 9 8900HX,NVIDIA RTX 4080,32,SSD,2048,False,1.87,16.0,3369.3
Dell,Alienware M15,Intel i5-14500H,NVIDIA RTX 3050,32,SSD,1024,False,2.45,16.0,1817.61
Dell,Inspiron 15,AMD Ryzen 5 8600H,NVIDIA RTX 4050,64,SSD,4096,True,1.23,13.3,2816.38
Dell,Alienware M15,AMD Ryzen 7 8800H,NVIDIA RTX 4070,128,SSD,2048,False,3.0,17.3,3516.75
Dell,Inspiron 15,Intel i7-14700H,NVIDIA RTX 4070,32,SSD,4096,True,1.05,13.3,3585.69
Dell,XPS 15,AMD Ryzen 5 8600H,NVIDIA RTX 4050,8,SSD,4096,False,2.95,17.3,2218.01
Dell,XPS 15,Intel i5-14600H,Intel Iris Xe,32,SSD,512,True,1.09,13.3,1851.93
Dell,XPS 13,Intel i7-14700H,NVIDIA RTX 4060,128,SSD,2048,True,2.65,18.4,3107.89
Dell,XPS 13,Intel i5-14600H,NVIDIA RTX 4050,128,SSD,256,False,2.66,17.3,2282.42
Dell,Latitude 7420,Intel Core Ultra 9 15700H,NVIDIA RTX 4070,32,SSD,2048,False,1.15,13.3,3372.35
Dell,Latitude 7420,Intel i7-14800H,NVIDIA RTX 4080,8,SSD,1024,True,1.98,15.6,3066.49
Dell,Latitude 7420,Intel i7-14700H,NVIDIA RTX 4060,64,SSD,256,True,2.37,15.6,2383.5
Dell,XPS 13,AMD Ryzen 7 8800H,NVIDIA RTX 4060,16,SSD,256,False,1.48,13.3,1929.94
Dell,Latitude 7420,Intel Core Ultra 7 15500H,Intel Arc A750M,128,SSD,4096,True,1.16,14.0,4103.25
Dell,Latitude 7420,Intel Core Ultra 7 15500H,Intel Arc A750M,8,SSD,512,True,2.37,15.6,2550.75
Dell,XPS 15,Intel i7-14700H,NVIDIA RTX 4060,16,SSD,512,True,3.25,18.4,2209.84
Dell,Latitude 7420,Intel i5-14500H,NVIDIA RTX 3050,8,SSD,256,False,3.13,18.4,1558.29
Dell,Inspiron 15,AMD Ryzen 5 8600H,NVIDIA RTX 3050,32,SSD,2048,True,2.78,17.3,2163.81
Dell,XPS 15,Intel Core Ultra 9 15700H,NVIDIA RTX 4070,64,SSD,512,False,1.71,16.0,3198.97
Dell,Alienware M15,Intel i7-14800H,NVIDIA RTX 4070,128,SSD,256,True,2.26,15.6,3445.72
Dell,Alienware M15,Intel i5-14600H,NVIDIA RTX 4050,8,SSD,256,False,1.23,13.3,1693.52
Dell,Latitude 7420,Intel Core Ultra 7 15500H,NVIDIA RTX 4070,16,SSD,256,False,1.45,13.3,2616.13
Dell,XPS 15,AMD Ryzen 7 8800H,NVIDIA RTX 4070,32,SSD,2048,True,1.09,13.3,3234.84
Dell,XPS 13,Intel i5-14600H,Intel Iris Xe,32,SSD,512,False,1.15,14.0,1631.0
Dell,Alienware M15,Intel Core Ultra 7 15500H,NVIDIA RTX 4060,8,SSD,4096,True,2.72,17.3,2816.2
Dell,XPS 15,AMD Ryzen 7 8800H,AMD Radeon 780M,64,SSD,4096,False,2.87,18.4,2500.53
Dell,XPS 15,Intel i5-14600H,NVIDIA RTX 3050,128,SSD,4096,True,2.68,17.3,3058.55
Dell,Alienware M15,Intel Core Ultra 9 15700H,Intel Arc A750M,32,SSD,2048,True,2.89,17.3,3217.05
Dell,XPS 13,Intel i5-14500H,NVIDIA RTX 4050,128,SSD,256,False,2.75,18.4,2236.8
Dell,Alienware M15,Intel i5-14600H,NVIDIA RTX 4050,128,SSD,512,False,1.01,13.3,2447.83
Dell,Alienware M15,Intel Core Ultra 9 15700H,NVIDIA RTX 4080,8,SSD,256,True,2.97,18.4,3114.04
Dell,Latitude 7420,AMD Ryzen 7 8800H,NVIDIA RTX 4070,16,SSD,4096,True,1.4,14.0,3390.09
Dell,Inspiron 15,AMD Ryzen 9 8900HX,NVIDIA RTX 4080,64,SSD,1024,True,1.48,13.3,3639.34
Dell,Latitude 7420,Intel i5-14500H,NVIDIA RTX 4050,8,SSD,1024,True,2.53,17.3,1946.97
Dell,XPS 15,Intel i5-14600H,NVIDIA RTX 3050,16,SSD,2048,True,1.15,14.0,2175.32
Dell,Latitude 7420,Intel Core Ultra 7 15500H,NVIDIA RTX 4060,8,SSD,2048,True,2.49,16.0,2524.02
Dell,Latitude 7420,AMD Ryzen 7 8800H,NVIDIA RTX 4070,128,SSD,1024,True,1.33,13.3,3612.93
Dell,XPS 13,Intel i5-14600H,NVIDIA RTX 3050,128,SSD,512,False,3.44,18.4,2282.01
Dell,XPS 13,AMD Ryzen 9 8900HX,AMD Radeon 780M,64,SSD,256,False,1.01,13.3,2189.54
Dell,Inspiron 15,Intel i5-14500H,Intel Iris Xe,128,SSD,4096,True,1.22,14.0,2914.73
Dell,XPS 13,Intel i5-14500H,NVIDIA RTX 4050,8,SSD,512,True,2.64,18.4,1852.63
Dell,XPS 15,Intel Core Ultra 9 15700H,Intel Arc A750M,16,SSD,256,False,3.07,17.3,2554.09
Dell,XPS 15,Intel Core Ultra 7 15500H,NVIDIA RTX 4060,8,SSD,1024,True,1.32,14.0,2437.08
Dell,XPS 13,AMD Ryzen 5 8600H,NVIDIA RTX 3050,16,SSD,2048,False,3.3,18.4,1896.99
Dell,Alienware M15,Intel i7-14800H,NVIDIA RTX 4070,8,SSD,2048,True,1.16,14.0,3188.94
Dell,XPS 15,Intel Core Ultra 7 15500H,Intel Arc A750M,16,SSD,512,True,2.57,17.3,2584.1
Dell,Alienware M15,Intel Core Ultra 7 15500H,NVIDIA RTX 4060,8,SSD,4096,True,2.59,18.4,2815.69
Dell,Inspiron 15,AMD Ryzen 5 8600H,AMD Radeon 680M,128,SSD,1024,True,2.06,15.6,2367.44
Dell,Latitude 7420,Intel i7-14800H,NVIDIA RTX 4080,32,SSD,4096,True,2.16,15.6,3801.67
Dell,Latitude 7420,AMD Ryzen 7 8800H,NVIDIA RTX 4060,64,SSD,1024,True,2.22,16.0,2492.9
Dell,Alienware M15,Intel i5-14600H,NVIDIA RTX 3050,8,SSD,256,False,1.2,13.3,1620.07
Dell,XPS 15,AMD Ryzen 9 8900HX,NVIDIA RTX 4070,32,SSD,256,False,1.37,13.3,2774.0
Dell,Latitude 7420,AMD Ryzen 5 8600H,AMD Radeon 680M,16,SSD,256,False,3.08,18.4,1441.26
Dell,XPS 15,Intel i9-14900HK,NVIDIA RTX 4070,16,SSD,1024,False,1.44,13.3,2903.55
Dell,XPS 15,Intel i7-14800H,NVIDIA RTX 4070,64,SSD,256,False,1.05,14.0,2967.85
Dell,Inspiron 15,Intel i7-14700H,NVIDIA RTX 4060,128,SSD,512,True,1.2,14.0,2920.03
Dell,Inspiron 15,Intel i5-14500H,NVIDIA RTX 3050,8,SSD,256,True,1.25,13.3,1772.32
Dell,XPS 13,Intel Core Ultra 7 15500H,NVIDIA RTX 4060,32,SSD,1024,True,2.62,18.4,2492.56
Dell,XPS 13,Intel i5-14500H,Intel Iris Xe,64,SSD,1024,False,1.35,13.3,1883.28
Dell,XPS 15,Intel i7-14800H,NVIDIA RTX 4080,32,SSD,512,True,1.27,13.3,3203.11
HP,Spectre x360,Intel i7-14800H,NVIDIA RTX 4060,16,SSD,4096,True,1.6,16.0,2764.18
HP,EliteBook 840,Intel i7-14700H,NVIDIA RTX 4070,16,SSD,4096,True,1.02,13.3,3353.72
HP,Omen 15,AMD Ryzen 5 8600H,NVIDIA RTX 3050,128,SSD,256,True,2.67,17.3,2251.73
HP,Envy 13,Intel i7-14700H,NVIDIA RTX 4070,8,SSD,512,False,3.43,18.4,2372.23
HP,EliteBook 840,AMD Ryzen 9 8900HX,NVIDIA RTX 4070,128,SSD,1024,True,2.04,15.6,3603.85
HP,Pavilion 15,Intel i7-14700H,NVIDIA RTX 4060,16,SSD,4096,True,1.97,15.6,2666.87
HP,Pavilion 15,Intel i7-14800H,NVIDIA RTX 4060,128,SSD,4096,True,2.84,18.4,3333.07
HP,EliteBook 840,Intel Core Ultra 9 15700H,NVIDIA RTX 4080,8,SSD,1024,True,2.92,17.3,3139.35
HP,Pavilion 15,Intel i5-14600H,NVIDIA RTX 4050,64,SSD,256,False,2.61,17.3,1856.08
HP,Envy 13,Intel Core Ultra 7 15500H,Intel Arc A750M,64,SSD,2048,False,1.97,16.0,2893.59
HP,EliteBook 840,Intel i7-14700H,NVIDIA RTX 4070,16,SSD,1024,True,2.13,15.6,2733.11
HP,Pavilion 15,AMD Ryzen 7 8800H,AMD Radeon 780M,32,SSD,2048,False,1.0,13.3,2043.7
HP,Omen 15,Intel Core Ultra 7 15500H,Intel Arc A750M,8,SSD,4096,False,1.16,14.0,2938.3
HP,Spectre x360,Intel Core Ultra 7 15500H,NVIDIA RTX 4060,128,SSD,4096,False,2.48,16.0,3173.87
HP,Envy 13,Intel i5-14500H,NVIDIA RTX 3050,8,SSD,2048,True,1.42,14.0,2019.06
HP,Omen 15,Intel Core Ultra 9 15700H,Intel Arc A750M,16,SSD,256,True,2.02,16.0,2622.16
HP,Pavilion 15,Intel i7-14800H,NVIDIA RTX 4060,32,SSD,4096,False,2.53,17.3,2642.01
HP,Envy 13,Intel Core Ultra 9 15700H,NVIDIA RTX 4070,8,SSD,256,True,3.04,17.3,2784.39
HP,Spectre x360,Intel i5-14500H,NVIDIA RTX 3050,64,SSD,512,True,1.7,16.0,2010.3
HP,Pavilion 15,Intel i5-14600H,NVIDIA RTX 4050,32,SSD,1024,True,2.34,16.0,2020.17
HP,Pavilion 15,Intel Core Ultra 9 15700H,NVIDIA RTX 4070,128,SSD,2048,True,1.41,14.0,4024.21
HP,Pavilion 15,AMD Ryzen 7 8800H,NVIDIA RTX 4070,64,SSD,2048,False,1.18,14.0,3029.81
HP,Spectre x360,Intel i7-14700H,NVIDIA RTX 4070,16,SSD,512,False,1.44,13.3,2481.74
HP,Envy 13,Intel i7-14800H,NVIDIA RTX 4060,8,SSD,512,False,1.78,15.6,1945.08
HP,EliteBook 840,AMD Ryzen 5 8600H,NVIDIA RTX 3050,128,SSD,4096,True,1.9,15.6,2923.15
HP,Pavilion 15,Intel i9-14900HK,NVIDIA RTX 4080,8,SSD,512,False,2.45,15.6,2798.75
HP,Omen 15,Intel Core Ultra 7 15500H,Intel Arc A750M,16,SSD,2048,True,1.08,14.0,2902.73
HP,Pavilion 15,Intel i7-14800H,NVIDIA RTX 4080,32,SSD,1024,True,2.53,17.3,3044.32
HP,Omen 15,Intel i7-14700H,NVIDIA RTX 4070,128,SSD,2048,False,2.69,17.3,3380.98
HP,Envy 13,Intel Core Ultra 9 15700H,NVIDIA RTX 4080,64,SSD,512,True,2.08,16.0,3483.52
HP,Spectre x360,AMD Ryzen 5 8600H,NVIDIA RTX 4050,128,SSD,4096,False,3.15,17.3,2782.68
HP,EliteBook 840,Intel i7-14800H,NVIDIA RTX 4070,128,SSD,512,True,1.35,13.3,3475.51
HP,Pavilion 15,Intel i5-14500H,NVIDIA RTX 4050,8,SSD,2048,False,2.5,17.3,1860.65
HP,EliteBook 840,AMD Ryzen 9 8900HX,NVIDIA RTX 4080,128,SSD,512,False,3.07,17.3,3514.19
HP,EliteBook 840,Intel i5-14600H,Intel Iris Xe,32,SSD,4096,True,1.58,15.6,2262.14
HP,Pavilion 15,Intel i5-14600H,Intel Iris Xe,64,SSD,2048,False,2.3,16.0,1966.62
HP,Envy 13,Intel i5-14600H,Intel Iris Xe,8,SSD,4096,True,3.27,18.4,2107.91
HP,Spectre x360,Intel Core Ultra 7 15500H,NVIDIA RTX 4070,64,SSD,2048,False,3.06,17.3,3138.36
HP,Pavilion 15,Intel i7-14700H,NVIDIA RTX 4060,32,SSD,512,True,3.39,17.3,2179.57
HP,Omen 15,Intel Core Ultra 7 15500H,Intel Arc A750M,64,SSD,1024,False,2.19,15.6,2712.61
HP,Pavilion 15,AMD Ryzen 5 8600H,NVIDIA RTX 4050,32,SSD,256,False,1.17,13.3,1700.12
HP,Envy 13,Intel i9-14900HK,NVIDIA RTX 4070,64,SSD,256,True,2.97,17.3,3073.52
HP,Spectre x360,AMD Ryzen 9 8900HX,NVIDIA RTX 4070,8,SSD,256,True,1.51,15.6,2670.64
HP,Envy 13,Intel Core Ultra 7 15500H,NVIDIA RTX 4070,16,SSD,2048,False,1.39,14.0,2925.46
HP,Spectre x360,Intel Core Ultra 9 15700H,NVIDIA RTX 4070,128,SSD,1024,False,1.15,13.3,3656.75
HP,Spectre x360,Intel i5-14500H,Intel Iris Xe,16,SSD,4096,False,2.5,15.6,1965.57
HP,Omen 15,Intel i7-14700H,NVIDIA RTX 4070,64,SSD,256,False,1.16,13.3,2711.79
HP,Omen 15,Intel i7-14800H,NVIDIA RTX 4070,64,SSD,256,False,2.13,16.0,2728.86
HP,Pavilion 15,AMD Ryzen 5 8600H,NVIDIA RTX 3050,128,SSD,512,False,1.12,14.0,2193.91
HP,Pavilion 15,Intel Core Ultra 9 15700H,Intel Arc A750M,128,SSD,2048,False,3.11,17.3,3527.84
HP,EliteBook 840,Intel Core Ultra 9 15700H,NVIDIA RTX 4070,128,SSD,4096,True,2.12,16.0,4358.66
HP,Pavilion 15,Intel i7-14800H,NVIDIA RTX 4070,32,SSD,256,True,3.18,17.3,2686.31
HP,Pavilion 15,Intel Core Ultra 9 15700H,NVIDIA RTX 4070,8,SSD,1024,True,2.27,15.6,3008.51
HP,Omen 15,Intel i7-14800H,NVIDIA RTX 4080,128,SSD,256,True,1.22,14.0,3602.24
HP,Omen 15,Intel i5-14500H,Intel Iris Xe,8,SSD,2048,True,2.29,15.6,1789.02
HP,Omen 15,AMD Ryzen 9 8900HX,NVIDIA RTX 4080,8,SSD,256,False,3.36,18.4,2644.26
HP,Spectre x360,Intel i7-14700H,NVIDIA RTX 4070,16,SSD,256,True,1.64,15.6,2594.95
HP,Spectre x360,Intel i5-14600H,Intel Iris Xe,8,SSD,256,False,1.05,14.0,1400.21
HP,Envy 13,AMD Ryzen 5 8600H,NVIDIA RTX 4050,32,SSD,512,False,2.16,15.6,1701.43
HP,Envy 13,Intel i9-14900HK,NVIDIA RTX 4070,8,SSD,4096,False,3.47,18.4,3225.57
HP,Omen 15,Intel Core Ultra 7 15500H,NVIDIA RTX 4060,128,SSD,256,True,2.74,17.3,2731.12
HP,Pavilion 15,AMD Ryzen 5 8600H,NVIDIA RTX 3050,32,SSD,2048,False,2.22,16.0,1920.25
HP,Pavilion 15,Intel i7-14800H,NVIDIA RTX 4060,128,SSD,4096,False,3.08,17.3,3186.91
HP,EliteBook 840,Intel i9-14900HK,NVIDIA RTX 4070,128,SSD,2048,False,2.55,17.3,3622.26
HP,Envy 13,AMD Ryzen 7 8800H,NVIDIA RTX 4060,128,SSD,1024,False,3.05,17.3,2592.98
HP,Omen 15,Intel Core Ultra 7 15500H,NVIDIA RTX 4070,32,SSD,4096,False,1.17,13.3,3368.39
HP,Spectre x360,AMD Ryzen 9 8900HX,NVIDIA RTX 4070,64,SSD,1024,True,3.14,18.4,3147.69
HP,Omen 15,Intel i5-14500H,Intel Iris Xe,8,SSD,4096,True,1.26,13.3,2109.42
HP,Omen 15,Intel i5-14500H,NVIDIA RTX 4050,128,SSD,256,True,1.57,15.6,2396.46
HP,Envy 13,Intel i7-14700H,NVIDIA RTX 4060,32,SSD,2048,True,1.65,16.0,2449.93
HP,Pavilion 15,Intel i7-14700H,NVIDIA RTX 4070,8,SSD,256,True,2.99,17.3,2454.38
HP,Envy 13,Intel Core Ultra 7 15500H,NVIDIA RTX 4060,128,SSD,512,True,1.49,14.0,2873.39
HP,Envy 13,Intel i7-14700H,NVIDIA RTX 4070,16,SSD,4096,True,3.03,18.4,3182.74
HP,Envy 13,Intel i7-14800H,NVIDIA RTX 4070,16,SSD,256,True,1.87,15.6,2630.58
HP,Pavilion 15,AMD Ryzen 7 8800H,AMD Radeon 780M,8,SSD,4096,False,3.07,18.4,2080.11
HP,Spectre x360,Intel i9-14900HK,NVIDIA RTX 4070,128,SSD,2048,False,2.7,18.4,3691.72
HP,Envy 13,AMD Ryzen 7 8800H,NVIDIA RTX 4060,16,SSD,4096,True,3.36,18.4,2558.56
HP,Omen 15,Intel Core Ultra 9 15700H,NVIDIA RTX 4080,64,SSD,512,True,3.31,18.4,3471.38
HP,EliteBook 840,Intel i7-14800H,NVIDIA RTX 4080,64,SSD,4096,True,3.32,17.3,3840.31
HP,Spectre x360,AMD Ryzen 7 8800H,AMD Radeon 780M,8,SSD,2048,False,2.36,15.6,1804.57
HP,Envy 13,Intel i5-14500H,NVIDIA RTX 3050,128,SSD,2048,True,1.87,15.6,2649.81
HP,Spectre x360,Intel i7-14700H,NVIDIA RTX 4060,64,SSD,1024,True,2.89,17.3,2446.1
HP,Omen 15,AMD Ryzen 9 8900HX,AMD Radeon 780M,8,SSD,1024,False,2.14,16.0,1848.01
HP,Pavilion 15,AMD Ryzen 9 8900HX,AMD Radeon 780M,32,SSD,512,True,1.64,16.0,2067.58
HP,Spectre x360,Intel i5-14600H,NVIDIA RTX 4050,8,SSD,256,False,1.32,14.0,1582.11
HP,EliteBook 840,Intel i5-14600H,Intel Iris Xe,64,SSD,2048,False,3.45,18.4,1928.76
HP,Omen 15,AMD Ryzen 5 8600H,AMD Radeon 680M,8,SSD,256,True,1.93,16.0,1507.71
HP,Spectre x360,Intel i7-14700H,NVIDIA RTX 4060,8,SSD,1024,False,1.26,14.0,2026.6
HP,Omen 15,Intel i9-14900HK,NVIDIA RTX 4070,128,SSD,2048,False,1.01,13.3,3782.47
HP,Omen 15,Intel i5-14500H,NVIDIA RTX 3050,128,SSD,1024,True,2.57,17.3,2450.32
HP,EliteBook 840,Intel i5-14600H,Intel Iris Xe,128,SSD,512,True,1.84,16.0,2220.78
HP,EliteBook 840,Intel i5-14500H,NVIDIA RTX 4050,8,SSD,2048,True,1.54,15.6,2067.22
HP,Pavilion 15,Intel i9-14900HK,NVIDIA RTX 4070,16,SSD,4096,False,3.09,18.4,3221.32
HP,Spectre x360,AMD Ryzen 7 8800H,NVIDIA RTX 4060,128,SSD,2048,True,2.87,17.3,2949.13
HP,Envy 13,Intel i5-14600H,Intel Iris Xe,64,SSD,256,True,1.08,13.3,1871.41
HP,EliteBook 840,Intel i5-14500H,Intel Iris Xe,128,SSD,4096,False,1.38,14.0,2609.1
HP,Omen 15,Intel i9-14900HK,NVIDIA RTX 4080,128,SSD,256,False,1.78,16.0,3484.36
HP,Pavilion 15,Intel i7-14700H,NVIDIA RTX 4060,64,SSD,512,False,3.09,17.3,2164.4
HP,Pavilion 15,Intel i9-14900HK,NVIDIA RTX 4070,128,SSD,1024,False,1.43,13.3,3499.2
HP,Omen 15,Intel Core Ultra 7 15500H,Intel Arc A750M,32,SSD,512,True,2.57,18.4,2546.13
HP,Envy 13,Intel i9-14900HK,NVIDIA RTX 4080,32,SSD,512,True,2.34,15.6,3125.87
HP,Omen 15,AMD Ryzen 5 8600H,AMD Radeon 680M,16,SSD,4096,True,1.31,13.3,2196.69
HP,Pavilion 15,Intel i5-14500H,Intel Iris Xe,32,SSD,4096,True,2.64,17.3,2222.67
HP,Pavilion 15,AMD Ryzen 9 8900HX,NVIDIA RTX 4070,32,SSD,512,True,1.22,13.3,2988.55
HP,EliteBook 840,Intel i5-14600H,NVIDIA RTX 4050,64,SSD,4096,False,1.44,13.3,2512.61
HP,Envy 13,Intel Core Ultra 7 15500H,Intel Arc A750M,64,SSD,256,False,2.99,17.3,2511.96
HP,Pavilion 15,Intel i5-14600H,NVIDIA RTX 3050,128,SSD,4096,False,2.51,17.3,2771.37
HP,Spectre x360,Intel i7-14800H,NVIDIA RTX 4080,16,SSD,256,False,3.08,17.3,2585.87
HP,Spectre x360,Intel i5-14500H,NVIDIA RTX 3050,64,SSD,2048,False,3.35,18.4,2113.95
HP,Pavilion 15,Intel Core Ultra 9 15700H,NVIDIA RTX 4070,8,SSD,4096,True,1.25,13.3,3598.63
HP,Pavilion 15,AMD Ryzen 7 8800H,NVIDIA RTX 4060,64,SSD,1024,True,3.0,18.4,2378.32
HP,Omen 15,Intel Core Ultra 9 15700H,Intel Arc A750M,16,SSD,512,True,2.83,18.4,2674.06
HP,Spectre x360,Intel i7-14800H,NVIDIA RTX 4070,32,SSD,4096,False,2.81,17.3,3232.14
HP,Envy 13,Intel i7-14800H,NVIDIA RTX 4080,128,SSD,256,True,3.18,17.3,3554.44
HP,Pavilion 15,Intel i9-14900HK,NVIDIA RTX 4070,128,SSD,1024,False,1.07,13.3,3594.62
HP,Pavilion 15,Intel Core Ultra 9 15700H,NVIDIA RTX 4080,128,SSD,256,False,1.12,14.0,3761.09
HP,Envy 13,AMD Ryzen 9 8900HX,NVIDIA RTX 4070,128,SSD,1024,False,1.01,14.0,3536.51
HP,Envy 13,Intel Core Ultra 9 15700H,NVIDIA RTX 4080,32,SSD,4096,False,1.26,13.3,3800.85
HP,Omen 15,AMD Ryzen 7 8800H,NVIDIA RTX 4060,128,SSD,512,False,2.84,17.3,2451.91
HP,Spectre x360,Intel i5-14600H,NVIDIA RTX 3050,32,SSD,2048,False,1.25,13.3,1985.93
HP,EliteBook 840,AMD Ryzen 7 8800H,NVIDIA RTX 4060,64,SSD,256,True,3.28,17.3,2231.77
HP,Omen 15,Intel i5-14600H,NVIDIA RTX 4050,8,SSD,256,True,2.24,15.6,1723.07
HP,Omen 15,Intel i5-14600H,NVIDIA RTX 3050,16,SSD,2048,False,3.46,18.4,1857.87
HP,Envy 13,Intel i5-14500H,Intel Iris Xe,16,SSD,256,False,2.44,16.0,1355.56
HP,EliteBook 840,Intel Core Ultra 7 15500H,Intel Arc A750M,128,SSD,2048,True,1.19,14.0,3633.92
HP,Omen 15,Intel i5-14500H,NVIDIA RTX 4050,128,SSD,256,False,1.05,13.3,2247.51
HP,Envy 13,Intel Core Ultra 7 15500H,NVIDIA RTX 4060,64,SSD,1024,False,1.77,16.0,2392.36
HP,EliteBook 840,Intel Core Ultra 7 15500H,Intel Arc A750M,128,SSD,512,True,2.07,16.0,3181.33
HP,Pavilion 15,Intel Core Ultra 7 15500H,Intel Arc A750M,8,SSD,512,True,2.44,15.6,2390.99
HP,EliteBook 840,Intel i9-14900HK,NVIDIA RTX 4080,16,SSD,512,True,3.1,18.4,3020.54
HP,Spectre x360,AMD Ryzen 5 8600H,AMD Radeon 680M,8,SSD,1024,True,2.77,18.4,1643.03
HP,Omen 15,AMD Ryzen 5 8600H,NVIDIA RTX 4050,64,SSD,1024,True,3.11,17.3,2108.11
HP,Omen 15,AMD Ryzen 7 8800H,NVIDIA RTX 4060,32,SSD,256,True,2.19,16.0,2102.82
HP,Omen 15,Intel i7-14700H,NVIDIA RTX 4060,128,SSD,256,False,1.27,13.3,2537.53
HP,EliteBook 840,Intel i7-14700H,NVIDIA RTX 4060,16,SSD,1024,False,1.32,13.3,2050.42
HP,Envy 13,Intel i9-14900HK,NVIDIA RTX 4070,128,SSD,2048,False,2.05,15.6,3706.38
Lenovo,Legion 5,Intel i7-14800H,NVIDIA RTX 4060,32,SSD,1024,True,1.14,14.0,2312.75
Lenovo,Yoga Slim 7,Intel i5-14600H,Intel Iris Xe,32,SSD,2048,False,1.65,16.0,1705.32
Lenovo,ThinkBook 14s,Intel Core Ultra 7 15500H,Intel Arc A750M,16,SSD,512,False,3.35,18.4,2194.26
Lenovo,ThinkBook 14s,Intel i5-14600H,Intel Iris Xe,32,SSD,2048,True,1.04,14.0,1918.37
Lenovo,Legion 5,Intel Core Ultra 7 15500H,NVIDIA RTX 4070,8,SSD,2048,True,2.18,15.6,2808.59
Lenovo,Legion 5,Intel Core Ultra 7 15500H,Intel Arc A750M,128,SSD,256,True,2.07,16.0,2942.66
Lenovo,Legion 5,Intel i7-14800H,NVIDIA RTX 4080,64,SSD,1024,False,1.23,13.3,3039.43
Lenovo,ThinkBook 14s,Intel Core Ultra 9 15700H,NVIDIA RTX 4070,32,SSD,512,False,2.25,16.0,2714.4
Lenovo,ThinkBook 14s,Intel i5-14600H,NVIDIA RTX 4050,16,SSD,512,True,2.26,15.6,1761.28
Lenovo,IdeaPad 5,Intel Core Ultra 7 15500H,Intel Arc A750M,128,SSD,256,False,2.09,15.6,2802.06
Lenovo,IdeaPad 5,Intel Core Ultra 9 15700H,NVIDIA RTX 4080,128,SSD,2048,False,2.97,18.4,3819.5
Lenovo,Legion 5,Intel i7-14800H,NVIDIA RTX 4080,64,SSD,2048,True,3.32,17.3,3286.83
Lenovo,Yoga Slim 7,Intel i7-14800H,NVIDIA RTX 4080,128,SSD,256,True,2.25,15.6,3363.16
Lenovo,ThinkBook 14s,AMD Ryzen 5 8600H,NVIDIA RTX 4050,32,SSD,2048,False,2.12,16.0,1891.69
Lenovo,Yoga Slim 7,Intel i7-14800H,NVIDIA RTX 4060,64,SSD,256,True,2.99,18.4,2259.72
Lenovo,Yoga Slim 7,AMD Ryzen 7 8800H,NVIDIA RTX 4060,8,SSD,4096,False,2.46,16.0,2259.32
Lenovo,ThinkBook 14s,Intel i5-14600H,Intel Iris Xe,8,SSD,2048,False,2.6,18.4,1555.36
Lenovo,Yoga Slim 7,Intel Core Ultra 7 15500H,Intel Arc A750M,64,SSD,2048,True,1.21,13.3,3029.2
Lenovo,IdeaPad 5,Intel i5-14600H,Intel Iris Xe,128,SSD,1024,False,1.16,13.3,2094.9
Lenovo,ThinkPad X1 Carbon,Intel Core Ultra 9 15700H,Intel Arc A750M,64,SSD,4096,False,1.9,16.0,3279.31
Lenovo,ThinkPad X1 Carbon,Intel i9-14900HK,NVIDIA RTX 4080,16,SSD,256,False,2.98,17.3,2613.77
Lenovo,ThinkPad X1 Carbon,AMD Ryzen 5 8600H,NVIDIA RTX 4050,16,SSD,256,False,2.73,18.4,1474.23
Lenovo,ThinkPad X1 Carbon,AMD Ryzen 7 8800H,NVIDIA RTX 4070,8,SSD,1024,True,2.7,17.3,2499.01
Lenovo,ThinkPad X1 Carbon,Intel i5-14500H,Intel Iris Xe,8,SSD,256,False,1.03,14.0,1305.66
Lenovo,IdeaPad 5,Intel i9-14900HK,NVIDIA RTX 4070,32,SSD,512,False,2.1,16.0,2646.27
Lenovo,ThinkPad X1 Carbon,AMD Ryzen 9 8900HX,AMD Radeon 780M,64,SSD,4096,True,2.66,17.3,2674.24
Lenovo,Legion 5,AMD Ryzen 9 8900HX,AMD Radeon 780M,32,SSD,2048,False,2.22,16.0,2071.47
Lenovo,ThinkPad X1 Carbon,Intel i9-14900HK,NVIDIA RTX 4080,16,SSD,1024,False,1.03,13.3,2890.46
Lenovo,ThinkBook 14s,Intel Core Ultra 9 15700H,Intel Arc A750M,32,SSD,1024,True,2.31,15.6,2724.78
Lenovo,IdeaPad 5,Intel Core Ultra 9 15700H,NVIDIA RTX 4080,16,SSD,1024,True,1.31,13.3,3194.23
Lenovo,Legion 5,Intel i5-14600H,Intel Iris Xe,32,SSD,2048,False,1.47,13.3,1750.35
Lenovo,Yoga Slim 7,AMD Ryzen 5 8600H,NVIDIA RTX 3050,8,SSD,512,False,1.9,16.0,1466.45
Lenovo,Yoga Slim 7,Intel i5-14600H,NVIDIA RTX 3050,32,SSD,256,False,2.31,16.0,1573.75
Lenovo,ThinkBook 14s,Intel i7-14800H,NVIDIA RTX 4070,128,SSD,512,True,1.82,16.0,3230.37
Lenovo,Yoga Slim 7,Intel i7-14700H,NVIDIA RTX 4070,64,SSD,512,False,2.11,16.0,2617.32
Lenovo,ThinkPad X1 Carbon,Intel Core Ultra 9 15700H,Intel Arc A750M,64,SSD,256,True,3.45,17.3,2757.86
Lenovo,Legion 5,Intel Core Ultra 7 15500H,Intel Arc A750M,128,SSD,2048,False,1.51,16.0,3158.51
Lenovo,ThinkPad X1 Carbon,Intel Core Ultra 7 15500H,NVIDIA RTX 4060,64,SSD,4096,False,1.91,16.0,2758.08
Lenovo,IdeaPad 5,Intel i9-14900HK,NVIDIA RTX 4080,16,SSD,1024,False,1.44,14.0,2886.5
Lenovo,IdeaPad 5,AMD Ryzen 7 8800H,NVIDIA RTX 4070,32,SSD,1024,True,3.13,18.4,2600.15
Lenovo,ThinkBook 14s,Intel Core Ultra 9 15700H,NVIDIA RTX 4070,32,SSD,4096,False,2.98,18.4,3331.85
Lenovo,ThinkPad X1 Carbon,Intel i5-14500H,NVIDIA RTX 4050,128,SSD,256,True,2.16,15.6,2212.23
Lenovo,Yoga Slim 7,Intel i5-14500H,Intel Iris Xe,16,SSD,512,False,2.47,15.6,1362.03
Lenovo,Legion 5,Intel i7-14700H,NVIDIA RTX 4060,64,SSD,512,False,1.57,15.6,2122.57
Lenovo,IdeaPad 5,Intel i5-14600H,NVIDIA RTX 4050,32,SSD,2048,False,1.34,13.3,1944.06
Lenovo,IdeaPad 5,Intel i7-14700H,NVIDIA RTX 4070,64,SSD,2048,True,3.15,18.4,3027.94
Lenovo,Legion 5,Intel i7-14700H,NVIDIA RTX 4070,128,SSD,512,True,1.1,14.0,3246.46
Lenovo,Legion 5,Intel i7-14800H,NVIDIA RTX 4060,128,SSD,512,False,3.24,18.4,2452.19
Lenovo,IdeaPad 5,AMD Ryzen 9 8900HX,NVIDIA RTX 4080,16,SSD,1024,False,3.39,17.3,2761.41
Lenovo,ThinkBook 14s,Intel i5-14600H,NVIDIA RTX 4050,32,SSD,512,False,1.13,14.0,1743.13
Lenovo,Legion 5,AMD Ryzen 5 8600H,NVIDIA RTX 4050,16,SSD,4096,True,1.86,15.6,2207.36
Lenovo,ThinkPad X1 Carbon,Intel i9-14900HK,NVIDIA RTX 4070,8,SSD,512,False,1.69,16.0,2518.89
Lenovo,ThinkPad X1 Carbon,AMD Ryzen 9 8900HX,NVIDIA RTX 4070,8,SSD,1024,True,3.33,18.4,2707.19
Lenovo,ThinkPad X1 Carbon,AMD Ryzen 9 8900HX,NVIDIA RTX 4080,32,SSD,4096,True,1.24,13.3,3654.28
Lenovo,Yoga Slim 7,AMD Ryzen 9 8900HX,NVIDIA RTX 4070,16,SSD,4096,False,2.82,17.3,3012.38
Lenovo,ThinkPad X1 Carbon,Intel i7-14700H,NVIDIA RTX 4070,128,SSD,1024,True,1.36,13.3,3310.3
Lenovo,ThinkBook 14s,AMD Ryzen 7 8800H,AMD Radeon 780M,128,SSD,2048,False,1.33,13.3,2392.36
Lenovo,ThinkBook 14s,Intel Core Ultra 7 15500H,Intel Arc A750M,32,SSD,4096,True,2.46,15.6,3042.8
Lenovo,ThinkPad X1 Carbon,Intel Core Ultra 9 15700H,NVIDIA RTX 4070,128,SSD,1024,True,1.34,13.3,3687.49
Lenovo,ThinkBook 14s,Intel i9-14900HK,NVIDIA RTX 4070,128,SSD,1024,False,1.01,14.0,3440.87
Lenovo,Yoga Slim 7,Intel Core Ultra 7 15500H,NVIDIA RTX 4070,16,SSD,4096,False,1.29,13.3,3091.88
Lenovo,Legion 5,Intel i7-14800H,NVIDIA RTX 4070,8,SSD,256,True,2.71,18.4,2439.79
Lenovo,Legion 5,AMD Ryzen 5 8600H,NVIDIA RTX 3050,64,SSD,2048,True,1.2,14.0,2192.74
Lenovo,Legion 5,Intel Core Ultra 9 15700H,NVIDIA RTX 4070,8,SSD,2048,False,1.89,15.6,2889.33
Lenovo,ThinkBook 14s,Intel i9-14900HK,NVIDIA RTX 4080,64,SSD,4096,True,2.49,15.6,3742.47
Lenovo,IdeaPad 5,AMD Ryzen 5 8600H,NVIDIA RTX 3050,64,SSD,1024,True,1.21,13.3,2043.88
Lenovo,ThinkBook 14s,Intel i5-14500H,NVIDIA RTX 3050,8,SSD,256,True,2.64,18.4,1570.31
Lenovo,ThinkPad X1 Carbon,AMD Ryzen 9 8900HX,AMD Radeon 780M,32,SSD,512,False,1.46,14.0,1859.55
Lenovo,ThinkBook 14s,AMD Ryzen 9 8900HX,NVIDIA RTX 4080,128,SSD,1024,True,1.34,13.3,3679.87
Lenovo,Yoga Slim 7,Intel i7-14700H,NVIDIA RTX 4070,8,SSD,1024,True,1.21,14.0,2632.08
Lenovo,ThinkBook 14s,Intel i5-14500H,Intel Iris Xe,16,SSD,256,True,1.37,13.3,1506.33
Lenovo,ThinkBook 14s,Intel i5-14500H,NVIDIA RTX 4050,16,SSD,1024,False,2.46,15.6,1648.14
Lenovo,Legion 5,Intel i9-14900HK,NVIDIA RTX 4070,32,SSD,1024,False,1.39,13.3,2803.67
Lenovo,IdeaPad 5,Intel Core Ultra 9 15700H,NVIDIA RTX 4070,32,SSD,512,False,1.48,14.0,2768.25
Lenovo,ThinkBook 14s,AMD Ryzen 5 8600H,NVIDIA RTX 4050,128,SSD,1024,True,2.56,17.3,2351.24
Lenovo,IdeaPad 5,Intel i7-14700H,NVIDIA RTX 4060,32,SSD,4096,False,2.95,18.4,2457.66
Lenovo,ThinkPad X1 Carbon,AMD Ryzen 9 8900HX,NVIDIA RTX 4080,128,SSD,1024,True,1.28,14.0,3724.79
Lenovo,IdeaPad 5,AMD Ryzen 9 8900HX,AMD Radeon 780M,128,SSD,1024,True,3.37,17.3,2517.89
Lenovo,ThinkPad X1 Carbon,Intel i5-14600H,Intel Iris Xe,16,SSD,2048,True,2.83,18.4,1757.86
Lenovo,Yoga Slim 7,Intel i9-14900HK,NVIDIA RTX 4080,64,SSD,1024,True,1.46,13.3,3320.94
Lenovo,Legion 5,Intel Core Ultra 9 15700H,NVIDIA RTX 4070,128,SSD,2048,True,1.3,14.0,3893.59
Lenovo,IdeaPad 5,Intel i9-14900HK,NVIDIA RTX 4070,32,SSD,256,True,1.4,13.3,2776.58
Lenovo,ThinkBook 14s,Intel i5-14500H,NVIDIA RTX 4050,128,SSD,1024,True,1.09,13.3,2490.9
Lenovo,ThinkBook 14s,Intel i5-14500H,NVIDIA RTX 3050,8,SSD,2048,True,1.3,13.3,1920.97
Lenovo,Yoga Slim 7,Intel i5-14600H,NVIDIA RTX 4050,64,SSD,512,False,2.33,15.6,1846.0
Lenovo,IdeaPad 5,Intel i5-14600H,NVIDIA RTX 4050,8,SSD,256,False,1.55,16.0,1512.95
Lenovo,Legion 5,Intel i7-14700H,NVIDIA RTX 4070,128,SSD,512,True,1.27,13.3,3217.42
Lenovo,Legion 5,Intel Core Ultra 9 15700H,Intel Arc A750M,32,SSD,2048,False,1.4,13.3,2815.4
Lenovo,ThinkBook 14s,Intel i9-14900HK,NVIDIA RTX 4070,16,SSD,512,False,2.14,15.6,2522.64
Lenovo,Legion 5,Intel i5-14600H,NVIDIA RTX 4050,16,SSD,256,False,3.07,17.3,1531.22
Lenovo,IdeaPad 5,Intel i5-14600H,NVIDIA RTX 4050,64,SSD,1024,True,1.95,16.0,2089.42
Lenovo,Yoga Slim 7,AMD Ryzen 9 8900HX,NVIDIA RTX 4070,64,SSD,2048,True,1.44,14.0,3322.85
Lenovo,Legion 5,AMD Ryzen 9 8900HX,AMD Radeon 780M,16,SSD,256,False,1.28,13.3,1718.39
Lenovo,ThinkPad X1 Carbon,Intel Core Ultra 7 15500H,NVIDIA RTX 4060,128,SSD,4096,False,3.3,17.3,3085.39
Lenovo,Yoga Slim 7,Intel i7-14800H,NVIDIA RTX 4080,32,SSD,512,True,1.86,15.6,2831.44
Lenovo,ThinkBook 14s,Intel i9-14900HK,NVIDIA RTX 4080,8,SSD,2048,False,2.55,17.3,2898.71
Lenovo,Yoga Slim 7,Intel i7-14800H,NVIDIA RTX 4070,128,SSD,256,True,3.35,17.3,3195.6
Lenovo,Legion 5,AMD Ryzen 7 8800H,NVIDIA RTX 4070,64,SSD,512,True,3.42,18.4,2695.9
Lenovo,Yoga Slim 7,Intel i7-14800H,NVIDIA RTX 4060,8,SSD,256,True,2.96,17.3,1981.87
Lenovo,ThinkPad X1 Carbon,Intel i5-14500H,Intel Iris Xe,8,SSD,2048,True,2.65,17.3,1709.29
Lenovo,Yoga Slim 7,Intel i5-14600H,NVIDIA RTX 4050,16,SSD,4096,True,1.13,14.0,2315.52
Lenovo,Legion 5,Intel i5-14600H,NVIDIA RTX 3050,32,SSD,1024,True,2.74,17.3,1840.16
Lenovo,IdeaPad 5,AMD Ryzen 7 8800H,AMD Radeon 780M,64,SSD,4096,True,1.05,13.3,2569.03
Lenovo,Yoga Slim 7,AMD Ryzen 5 8600H,NVIDIA RTX 3050,128,SSD,2048,False,1.82,16.0,2316.94
Lenovo,Yoga Slim 7,Intel i5-14500H,NVIDIA RTX 4050,32,SSD,2048,False,1.04,13.3,1951.9
Lenovo,ThinkBook 14s,Intel i9-14900HK,NVIDIA RTX 4070,8,SSD,512,False,3.1,17.3,2464.23
Lenovo,Yoga Slim 7,Intel Core Ultra 7 15500H,NVIDIA RTX 4070,64,SSD,256,False,1.23,13.3,2732.46
Lenovo,Legion 5,AMD Ryzen 5 8600H,AMD Radeon 680M,16,SSD,2048,False,3.03,17.3,1614.59
Lenovo,IdeaPad 5,Intel i7-14800H,NVIDIA RTX 4070,128,SSD,256,False,1.33,13.3,3026.08
Lenovo,Legion 5,Intel Core Ultra 7 15500H,Intel Arc A750M,64,SSD,1024,False,2.41,15.6,2559.96
Lenovo,ThinkPad X1 Carbon,AMD Ryzen 5 8600H,NVIDIA RTX 4050,32,SSD,1024,False,2.38,15.6,1692.34
Lenovo,ThinkPad X1 Carbon,AMD Ryzen 5 8600H,NVIDIA RTX 3050,128,SSD,4096,False,3.33,18.4,2552.08
Lenovo,ThinkPad X1 Carbon,Intel i5-14600H,Intel Iris Xe,32,SSD,512,False,1.62,16.0,1488.58
Lenovo,Legion 5,Intel i5-14500H,NVIDIA RTX 4050,8,SSD,4096,False,2.64,17.3,2025.87
Lenovo,IdeaPad 5,Intel Core Ultra 9 15700H,NVIDIA RTX 4070,8,SSD,2048,True,1.63,16.0,3041.62
Lenovo,Yoga Slim 7,Intel i5-14600H,Intel Iris Xe,64,SSD,512,True,1.35,13.3,1836.8
Lenovo,IdeaPad 5,Intel i9-14900HK,NVIDIA RTX 4070,32,SSD,256,True,2.18,15.6,2767.4
Lenovo,Legion 5,Intel i5-14600H,NVIDIA RTX 4050,64,SSD,1024,True,2.17,16.0,2099.43
Lenovo,Yoga Slim 7,Intel i5-14500H,Intel Iris Xe,64,SSD,256,True,3.0,18.4,1682.26
Lenovo,ThinkBook 14s,Intel Core Ultra 9 15700H,Intel Arc A750M,128,SSD,256,False,3.46,17.3,2944.66
Lenovo,Legion 5,AMD Ryzen 7 8800H,NVIDIA RTX 4060,32,SSD,512,False,1.04,14.0,1976.34
Lenovo,ThinkBook 14s,Intel Core Ultra 7 15500H,Intel Arc A750M,16,SSD,512,True,1.55,16.0,2421.33
Lenovo,ThinkBook 14s,Intel Core Ultra 9 15700H,NVIDIA RTX 4080,32,SSD,256,True,1.86,16.0,3071.52
Lenovo,Yoga Slim 7,AMD Ryzen 5 8600H,NVIDIA RTX 3050,128,SSD,2048,True,1.47,14.0,2491.33
Lenovo,Legion 5,Intel i7-14800H,NVIDIA RTX 4080,32,SSD,512,False,1.37,13.3,2691.72
Lenovo,Yoga Slim 7,Intel i7-14700H,NVIDIA RTX 4060,64,SSD,512,True,2.98,17.3,2227.38
Lenovo,ThinkBook 14s,Intel i5-14500H,NVIDIA RTX 4050,16,SSD,4096,False,1.43,13.3,2100.41
Lenovo,IdeaPad 5,Intel i5-14600H,NVIDIA RTX 3050,16,SSD,256,True,1.92,16.0,1631.92
Lenovo,Legion 5,Intel i7-14800H,NVIDIA RTX 4080,128,SSD,512,True,1.2,14.0,3506.36
Lenovo,Legion 5,Intel Core Ultra 7 15500H,Intel Arc A750M,64,SSD,512,True,2.01,16.0,2633.9
Lenovo,Yoga Slim 7,Intel i7-14800H,NVIDIA RTX 4070,16,SSD,4096,False,1.04,14.0,3052.3
Lenovo,ThinkBook 14s,Intel i5-14600H,NVIDIA RTX 3050,16,SSD,4096,False,1.52,15.6,2079.62
Lenovo,ThinkBook 14s,AMD Ryzen 9 8900HX,NVIDIA RTX 4070,128,SSD,512,True,1.02,14.0,3498.65
Lenovo,IdeaPad 5,AMD Ryzen 7 8800H,AMD Radeon 780M,8,SSD,2048,False,1.44,14.0,1795.79
Lenovo,Yoga Slim 7,Intel i5-14600H,NVIDIA RTX 4050,16,SSD,1024,False,1.27,14.0,1734.85
Lenovo,ThinkPad X1 Carbon,Intel Core Ultra 9 15700H,Intel Arc A750M,128,SSD,512,False,2.46,16.0,3066.88
Lenovo,ThinkPad X1 Carbon,Intel Core Ultra 9 15700H,NVIDIA RTX 4080,128,SSD,4096,True,2.57,17.3,4258.92
Lenovo,ThinkBook 14s,Intel i5-14600H,NVIDIA RTX 4050,32,SSD,1024,False,2.49,16.0,1766.78
Lenovo,ThinkBook 14s,Intel i7-14800H,NVIDIA RTX 4070,64,SSD,512,False,1.27,14.0,2765.18
Lenovo,ThinkPad X1 Carbon,Intel Core Ultra 7 15500H,Intel Arc A750M,8,SSD,1024,False,1.47,14.0,2265.27
Lenovo,Legion 5,AMD Ryzen 5 8600H,NVIDIA RTX 4050,16,SSD,4096,True,1.64,15.6,2243.84
Lenovo,Yoga Slim 7,Intel Core Ultra 7 15500H,NVIDIA RTX 4070,16,SSD,256,True,2.01,15.6,2529.41
Lenovo,Legion 5,Intel Core Ultra 7 15500H,Intel Arc A750M,32,SSD,1024,False,3.03,17.3,2390.97
Lenovo,IdeaPad 5,AMD Ryzen 7 8800H,NVIDIA RTX 4070,8,SSD,1024,True,1.06,13.3,2577.89
Lenovo,Legion 5,AMD Ryzen 9 8900HX,NVIDIA RTX 4080,128,SSD,256,False,2.04,16.0,3300.35
Lenovo,Yoga Slim 7,Intel i7-14800H,NVIDIA RTX 4080,64,SSD,4096,True,2.79,18.4,3594.84
Lenovo,Yoga Slim 7,Intel Core Ultra 9 15700H,NVIDIA RTX 4070,16,SSD,2048,True,2.69,18.4,3077.98
Lenovo,Legion 5,AMD Ryzen 9 8900HX,NVIDIA RTX 4070,8,SSD,4096,True,2.89,18.4,3141.8
Lenovo,Yoga Slim 7,Intel i5-14600H,NVIDIA RTX 3050,32,SSD,256,False,1.42,13.3,1594.89
Lenovo,ThinkBook 14s,Intel i7-14800H,NVIDIA RTX 4080,64,SSD,256,True,2.33,15.6,2943.39
Lenovo,IdeaPad 5,Intel i5-14600H,NVIDIA RTX 3050,32,SSD,256,False,1.42,14.0,1580.21
Lenovo,ThinkBook 14s,AMD Ryzen 7 8800H,NVIDIA RTX 4070,32,SSD,256,True,2.01,16.0,2478.39
Lenovo,Legion 5,Intel Core Ultra 9 15700H,Intel Arc A750M,64,SSD,4096,False,2.58,17.3,3286.34
Lenovo,ThinkPad X1 Carbon,Intel i7-14700H,NVIDIA RTX 4070,8,SSD,2048,False,2.46,15.6,2548.22
Lenovo,IdeaPad 5,Intel i5-14600H,NVIDIA RTX 4050,32,SSD,512,False,1.58,16.0,1677.9
Lenovo,ThinkBook 14s,AMD Ryzen 9 8900HX,NVIDIA RTX 4070,32,SSD,1024,True,2.8,17.3,2833.81
Lenovo,IdeaPad 5,Intel i5-14500H,NVIDIA RTX 4050,8,SSD,512,False,1.02,14.0,1569.31
Lenovo,ThinkBook 14s,Intel i7-14800H,NVIDIA RTX 4070,128,SSD,256,True,1.79,16.0,3227.94
Lenovo,Yoga Slim 7,Intel i5-14500H,NVIDIA RTX 3050,16,SSD,2048,True,1.9,16.0,1944.94
Lenovo,IdeaPad 5,Intel i7-14800H,NVIDIA RTX 4070,8,SSD,2048,False,1.49,14.0,2649.61
Lenovo,Legion 5,Intel i9-14900HK,NVIDIA RTX 4080,128,SSD,512,True,3.26,18.4,3577.81
Lenovo,Yoga Slim 7,Intel i5-14500H,NVIDIA RTX 4050,8,SSD,512,False,1.48,13.3,1562.76
Lenovo,ThinkPad X1 Carbon,AMD Ryzen 5 8600H,AMD Radeon 680M,64,SSD,4096,False,2.03,16.0,2119.38
Lenovo,ThinkPad X1 Carbon,Intel i9-14900HK,NVIDIA RTX 4070,64,SSD,512,True,1.27,13.3,3115.19
Lenovo,Yoga Slim 7,AMD Ryzen 7 8800H,NVIDIA RTX 4060,64,SSD,256,False,1.29,14.0,2046.57
Lenovo,ThinkPad X1 Carbon,Intel i5-14500H,NVIDIA RTX 3050,128,SSD,512,False,1.8,15.6,2061.42
Lenovo,Legion 5,Intel Core Ultra 7 15500H,NVIDIA RTX 4060,8,SSD,4096,True,2.57,17.3,2543.48
Lenovo,ThinkPad X1 Carbon,Intel i9-14900HK,NVIDIA RTX 4070,128,SSD,512,True,2.33,15.6,3355.72
Lenovo,Legion 5,Intel i5-14600H,Intel Iris Xe,8,SSD,4096,False,1.1,13.3,1889.55
Lenovo,IdeaPad 5,Intel i9-14900HK,NVIDIA RTX 4080,128,SSD,256,True,3.01,18.4,3480.15
Lenovo,ThinkBook 14s,Intel i7-14700H,NVIDIA RTX 4060,16,SSD,1024,False,1.08,14.0,1981.71
Lenovo,Legion 5,Intel Core Ultra 9 15700H,NVIDIA RTX 4080,8,SSD,1024,False,2.7,18.4,2814.68
Lenovo,IdeaPad 5,Intel i7-14800H,NVIDIA RTX 4080,32,SSD,512,True,3.2,18.4,2834.63
Lenovo,ThinkPad X1 Carbon,Intel Core Ultra 9 15700H,NVIDIA RTX 4070,8,SSD,512,False,2.86,18.4,2584.87
Microsoft,Surface Go 3,Intel i7-14700H,NVIDIA RTX 4060,8,SSD,4096,True,2.47,16.0,2923.98
Microsoft,Surface Laptop 5,Intel Core Ultra 7 15500H,Intel Arc A750M,64,SSD,2048,False,2.75,17.3,3293.9
Microsoft,Surface Pro 8,AMD Ryzen 5 8600H,NVIDIA RTX 4050,32,SSD,512,False,1.03,13.3,2028.2
Microsoft,Surface Book 3,Intel Core Ultra 9 15700H,NVIDIA RTX 4080,32,SSD,512,False,2.63,17.3,3505.08
Microsoft,Surface Laptop Studio,Intel Core Ultra 9 15700H,NVIDIA RTX 4070,8,SSD,512,True,2.68,17.3,3260.16
Microsoft,Surface Book 3,Intel i7-14800H,NVIDIA RTX 4080,32,SSD,256,True,1.85,15.6,3322.15
Microsoft,Surface Go 3,Intel i5-14600H,NVIDIA RTX 3050,32,SSD,4096,True,1.06,13.3,2853.06
Microsoft,Surface Book 3,Intel Core Ultra 7 15500H,NVIDIA RTX 4060,64,SSD,2048,True,1.12,13.3,3242.56
Microsoft,Surface Pro 8,Intel i5-14600H,NVIDIA RTX 3050,64,SSD,4096,False,1.31,14.0,2799.45
Microsoft,Surface Pro 8,Intel i9-14900HK,NVIDIA RTX 4080,8,SSD,4096,False,2.43,16.0,3839.68
Microsoft,Surface Laptop 5,Intel i7-14700H,NVIDIA RTX 4060,16,SSD,512,True,3.06,18.4,2373.44
Microsoft,Surface Laptop Studio,Intel i7-14800H,NVIDIA RTX 4080,8,SSD,1024,False,1.25,13.3,3212.69
Microsoft,Surface Laptop Studio,Intel i5-14500H,Intel Iris Xe,16,SSD,2048,False,3.04,17.3,1892.75
Microsoft,Surface Laptop Studio,AMD Ryzen 9 8900HX,NVIDIA RTX 4080,16,SSD,512,True,1.88,15.6,3409.79
Microsoft,Surface Laptop Studio,AMD Ryzen 5 8600H,AMD Radeon 680M,64,SSD,4096,True,2.3,16.0,2724.37
Microsoft,Surface Laptop Studio,Intel i5-14600H,NVIDIA RTX 4050,128,SSD,256,False,3.02,18.4,2520.85
Microsoft,Surface Laptop Studio,Intel Core Ultra 9 15700H,NVIDIA RTX 4070,16,SSD,4096,True,1.37,13.3,4161.85
Microsoft,Surface Go 3,AMD Ryzen 5 8600H,NVIDIA RTX 3050,16,SSD,2048,True,1.18,14.0,2369.48
Microsoft,Surface Laptop 5,AMD Ryzen 7 8800H,NVIDIA RTX 4060,8,SSD,2048,False,2.69,17.3,2369.43
Microsoft,Surface Go 3,Intel Core Ultra 9 15700H,Intel Arc A750M,8,SSD,2048,False,3.1,17.3,3144.7
Microsoft,Surface Pro 8,AMD Ryzen 5 8600H,NVIDIA RTX 4050,32,SSD,512,True,2.14,16.0,2142.91
Microsoft,Surface Go 3,AMD Ryzen 5 8600H,AMD Radeon 680M,64,SSD,2048,True,1.56,15.6,2490.32
Microsoft,Surface Book 3,AMD Ryzen 9 8900HX,NVIDIA RTX 4070,128,SSD,256,False,1.96,15.6,3695.5
Microsoft,Surface Pro 8,Intel i5-14500H,NVIDIA RTX 4050,8,SSD,256,False,1.19,13.3,1815.06
Microsoft,Surface Laptop Studio,Intel Core Ultra 7 15500H,NVIDIA RTX 4060,32,SSD,1024,False,1.75,16.0,2562.48
Microsoft,Surface Laptop Studio,AMD Ryzen 5 8600H,NVIDIA RTX 4050,128,SSD,2048,False,1.23,13.3,2882.71
Microsoft,Surface Laptop Studio,Intel i9-14900HK,NVIDIA RTX 4080,8,SSD,2048,False,2.28,16.0,3480.34
Microsoft,Surface Book 3,Intel i7-14800H,NVIDIA RTX 4070,32,SSD,1024,True,2.46,15.6,3265.8
Microsoft,Surface Pro 8,AMD Ryzen 7 8800H,NVIDIA RTX 4060,8,SSD,2048,True,3.49,18.4,2606.56
Microsoft,Surface Go 3,Intel i5-14500H,Intel Iris Xe,32,SSD,256,True,2.39,16.0,1860.74
Microsoft,Surface Laptop Studio,Intel i7-14800H,NVIDIA RTX 4080,8,SSD,256,False,1.55,16.0,2949.57
Microsoft,Surface Laptop Studio,AMD Ryzen 5 8600H,AMD Radeon 680M,32,SSD,2048,False,1.28,14.0,2076.07
Microsoft,Surface Go 3,AMD Ryzen 7 8800H,NVIDIA RTX 4060,16,SSD,4096,True,2.37,15.6,2985.94
Microsoft,Surface Laptop Studio,Intel Core Ultra 7 15500H,Intel Arc A750M,64,SSD,2048,False,2.65,17.3,3324.35
Microsoft,Surface Book 3,Intel i7-14700H,NVIDIA RTX 4060,8,SSD,2048,True,1.94,15.6,2624.89
Microsoft,Surface Pro 8,AMD Ryzen 5 8600H,AMD Radeon 680M,32,SSD,4096,True,1.25,14.0,2627.28
Microsoft,Surface Book 3,AMD Ryzen 7 8800H,NVIDIA RTX 4060,64,SSD,2048,False,2.1,16.0,2757.76
Microsoft,Surface Go 3,Intel i5-14500H,NVIDIA RTX 4050,16,SSD,256,True,1.76,15.6,2003.28
Microsoft,Surface Book 3,Intel i5-14600H,NVIDIA RTX 4050,8,SSD,1024,True,1.8,15.6,2178.32
Microsoft,Surface Pro 8,Intel i9-14900HK,NVIDIA RTX 4070,8,SSD,512,False,1.55,16.0,3007.25
Microsoft,Surface Book 3,Intel i5-14600H,Intel Iris Xe,64,SSD,2048,False,2.0,16.0,2262.34
Microsoft,Surface Go 3,Intel i5-14500H,Intel Iris Xe,128,SSD,2048,False,2.76,17.3,2578.64
Microsoft,Surface Book 3,AMD Ryzen 7 8800H,NVIDIA RTX 4060,16,SSD,256,True,2.45,15.6,2258.64
Microsoft,Surface Laptop Studio,Intel i5-14600H,Intel Iris Xe,64,SSD,512,False,1.19,13.3,2016.54
Microsoft,Surface Laptop 5,Intel i7-14800H,NVIDIA RTX 4070,32,SSD,2048,True,1.91,16.0,3508.06
Microsoft,Surface Book 3,AMD Ryzen 7 8800H,NVIDIA RTX 4060,64,SSD,256,True,3.42,18.4,2555.37
Microsoft,Surface Laptop 5,AMD Ryzen 5 8600H,NVIDIA RTX 4050,64,SSD,4096,True,1.64,16.0,2999.89
Microsoft,Surface Pro 8,Intel i9-14900HK,NVIDIA RTX 4070,128,SSD,4096,True,3.27,18.4,4848.03
Microsoft,Surface Book 3,Intel i7-14800H,NVIDIA RTX 4060,16,SSD,512,True,1.83,15.6,2493.34
Microsoft,Surface Pro 8,AMD Ryzen 9 8900HX,AMD Radeon 780M,8,SSD,2048,False,1.19,14.0,2402.97
Microsoft,Surface Laptop Studio,Intel Core Ultra 7 15500H,NVIDIA RTX 4070,128,SSD,512,True,1.72,15.6,3946.02
Microsoft,Surface Laptop 5,AMD Ryzen 7 8800H,NVIDIA RTX 4060,32,SSD,512,True,2.12,15.6,2429.14
Microsoft,Surface Go 3,Intel i7-14800H,NVIDIA RTX 4060,32,SSD,256,True,1.06,13.3,2612.73
Microsoft,Surface Go 3,AMD Ryzen 9 8900HX,NVIDIA RTX 4080,16,SSD,4096,False,2.87,17.3,3867.97
Microsoft,Surface Laptop Studio,Intel Core Ultra 9 15700H,Intel Arc A750M,64,SSD,2048,False,1.35,14.0,3624.33
Microsoft,Surface Pro 8,AMD Ryzen 7 8800H,NVIDIA RTX 4060,32,SSD,256,True,2.46,16.0,2381.08
Microsoft,Surface Book 3,Intel i7-14700H,NVIDIA RTX 4070,8,SSD,4096,False,1.28,14.0,3493.57
Microsoft,Surface Laptop 5,AMD Ryzen 9 8900HX,AMD Radeon 780M,128,SSD,1024,False,2.45,16.0,2873.03
Microsoft,Surface Pro 8,Intel Core Ultra 7 15500H,NVIDIA RTX 4070,64,SSD,4096,False,1.33,13.3,4073.21
Microsoft,Surface Laptop Studio,Intel i7-14800H,NVIDIA RTX 4080,64,SSD,512,True,1.24,14.0,3716.54
Microsoft,Surface Pro 8,Intel i9-14900HK,NVIDIA RTX 4070,64,SSD,256,True,2.47,16.0,3549.93
Microsoft,Surface Go 3,AMD Ryzen 9 8900HX,AMD Radeon 780M,64,SSD,2048,True,2.15,16.0,2885.71
Microsoft,Surface Go 3,AMD Ryzen 9 8900HX,NVIDIA RTX 4070,8,SSD,256,True,1.44,14.0,3065.01
Microsoft,Surface Pro 8,Intel i9-14900HK,NVIDIA RTX 4080,128,SSD,1024,False,2.75,18.4,4183.71
Microsoft,Surface Laptop 5,AMD Ryzen 9 8900HX,NVIDIA RTX 4080,128,SSD,256,True,1.49,14.0,4260.92
Microsoft,Surface Laptop Studio,Intel i7-14800H,NVIDIA RTX 4060,16,SSD,1024,True,1.12,13.3,2696.72
Microsoft,Surface Pro 8,AMD Ryzen 9 8900HX,NVIDIA RTX 4080,32,SSD,1024,True,2.52,18.4,3619.42
Microsoft,Surface Book 3,AMD Ryzen 9 8900HX,NVIDIA RTX 4080,128,SSD,512,True,1.06,13.3,4388.88
Microsoft,Surface Book 3,Intel i7-14700H,NVIDIA RTX 4070,32,SSD,4096,True,2.8,18.4,3797.1
Microsoft,Surface Pro 8,Intel i9-14900HK,NVIDIA RTX 4080,32,SSD,2048,False,1.09,14.0,3840.83
Microsoft,Surface Laptop Studio,Intel i9-14900HK,NVIDIA RTX 4070,128,SSD,512,False,1.43,13.3,3878.25
Microsoft,Surface Go 3,AMD Ryzen 7 8800H,AMD Radeon 780M,64,SSD,1024,True,1.19,14.0,2519.56
Microsoft,Surface Book 3,Intel i7-14800H,NVIDIA RTX 4060,128,SSD,1024,True,1.84,15.6,3336.72
Microsoft,Surface Laptop 5,Intel i9-14900HK,NVIDIA RTX 4080,16,SSD,1024,True,1.08,13.3,3683.06
Microsoft,Surface Laptop Studio,AMD Ryzen 7 8800H,AMD Radeon 780M,64,SSD,256,True,1.61,15.6,2304.31
Microsoft,Surface Book 3,Intel i5-14600H,Intel Iris Xe,8,SSD,1024,False,2.93,17.3,1690.56
Microsoft,Surface Go 3,AMD Ryzen 5 8600H,NVIDIA RTX 3050,8,SSD,256,False,1.9,15.6,1678.09
Microsoft,Surface Laptop 5,AMD Ryzen 9 8900HX,NVIDIA RTX 4080,8,SSD,1024,False,2.94,18.4,3216.61
Microsoft,Surface Laptop Studio,Intel i5-14600H,NVIDIA RTX 4050,32,SSD,512,False,1.96,15.6,1988.29
Microsoft,Surface Book 3,AMD Ryzen 7 8800H,AMD Radeon 780M,128,SSD,2048,True,1.06,14.0,3117.36
Microsoft,Surface Go 3,Intel i7-14700H,NVIDIA RTX 4070,8,SSD,1024,False,1.73,16.0,2866.4
Microsoft,Surface Book 3,AMD Ryzen 7 8800H,AMD Radeon 780M,32,SSD,256,False,2.72,18.4,1863.93
Microsoft,Surface Pro 8,Intel i7-14700H,NVIDIA RTX 4070,8,SSD,512,False,1.36,14.0,2759.49
Microsoft,Surface Go 3,Intel i9-14900HK,NVIDIA RTX 4070,64,SSD,256,True,2.5,16.0,3485.1
Microsoft,Surface Book 3,Intel i9-14900HK,NVIDIA RTX 4070,64,SSD,256,True,1.18,13.3,3640.13
Microsoft,Surface Go 3,Intel i5-14500H,NVIDIA RTX 3050,128,SSD,256,True,2.97,18.4,2629.43
Microsoft,Surface Go 3,Intel i9-14900HK,NVIDIA RTX 4070,64,SSD,4096,False,1.61,16.0,4149.11
Microsoft,Surface Book 3,AMD Ryzen 5 8600H,NVIDIA RTX 4050,16,SSD,4096,True,2.08,15.6,2635.2
Microsoft,Surface Pro 8,Intel Core Ultra 9 15700H,NVIDIA RTX 4080,16,SSD,512,False,1.94,15.6,3374.87
Microsoft,Surface Go 3,Intel i9-14900HK,NVIDIA RTX 4070,128,SSD,256,True,3.29,17.3,3945.58
Microsoft,Surface Book 3,AMD Ryzen 5 8600H,NVIDIA RTX 4050,32,SSD,512,False,2.21,15.6,1930.21
Microsoft,Surface Laptop Studio,AMD Ryzen 5 8600H,NVIDIA RTX 3050,16,SSD,1024,False,1.17,14.0,1969.37
Microsoft,Surface Laptop 5,Intel Core Ultra 7 15500H,Intel Arc A750M,64,SSD,1024,True,1.62,16.0,3311.95
Microsoft,Surface Laptop Studio,AMD Ryzen 7 8800H,AMD Radeon 780M,128,SSD,256,False,3.18,18.4,2419.8
Microsoft,Surface Book 3,AMD Ryzen 7 8800H,NVIDIA RTX 4070,128,SSD,1024,True,3.14,17.3,3807.52
Microsoft,Surface Laptop Studio,Intel i7-14800H,NVIDIA RTX 4080,64,SSD,256,False,1.94,15.6,3327.28
Microsoft,Surface Laptop Studio,Intel Core Ultra 7 15500H,NVIDIA RTX 4060,16,SSD,1024,False,2.65,17.3,2432.99
Microsoft,Surface Laptop 5,Intel i5-14600H,NVIDIA RTX 3050,32,SSD,512,True,2.57,17.3,2104.28
Microsoft,Surface Go 3,Intel i7-14700H,NVIDIA RTX 4070,8,SSD,256,False,3.28,17.3,2616.15
Microsoft,Surface Book 3,Intel i5-14600H,NVIDIA RTX 3050,8,SSD,512,False,2.48,16.0,1780.73
Microsoft,Surface Book 3,Intel i7-14700H,NVIDIA RTX 4070,128,SSD,2048,True,1.94,16.0,4123.58
Microsoft,Surface Book 3,AMD Ryzen 7 8800H,NVIDIA RTX 4070,32,SSD,4096,False,3.31,18.4,3516.96
Microsoft,Surface Book 3,Intel i5-14600H,NVIDIA RTX 3050,64,SSD,256,False,1.61,15.6,2113.77
Microsoft,Surface Book 3,Intel i9-14900HK,NVIDIA RTX 4080,16,SSD,256,False,3.32,17.3,3194.21
Microsoft,Surface Pro 8,AMD Ryzen 7 8800H,AMD Radeon 780M,8,SSD,4096,True,2.81,17.3,2619.51
Microsoft,Surface Laptop 5,Intel i5-14500H,NVIDIA RTX 3050,32,SSD,2048,False,2.41,15.6,2180.49
Microsoft,Surface Pro 8,Intel i7-14800H,NVIDIA RTX 4080,64,SSD,1024,False,1.41,13.3,3649.33
Microsoft,Surface Pro 8,AMD Ryzen 7 8800H,NVIDIA RTX 4070,32,SSD,512,False,2.11,16.0,2818.55
Microsoft,Surface Laptop 5,Intel Core Ultra 7 15500H,NVIDIA RTX 4070,16,SSD,512,False,1.07,13.3,3017.31
Microsoft,Surface Laptop Studio,Intel i7-14700H,NVIDIA RTX 4060,32,SSD,512,False,1.45,13.3,2353.5
Microsoft,Surface Laptop Studio,Intel i7-14800H,NVIDIA RTX 4080,16,SSD,2048,True,2.11,16.0,3594.96
Microsoft,Surface Go 3,Intel Core Ultra 7 15500H,Intel Arc A750M,128,SSD,4096,True,3.28,17.3,4328.63
Microsoft,Surface Go 3,Intel i5-14600H,NVIDIA RTX 4050,16,SSD,1024,True,1.99,15.6,2182.67
Microsoft,Surface Pro 8,AMD Ryzen 7 8800H,AMD Radeon 780M,128,SSD,4096,False,1.12,14.0,3306.79
Microsoft,Surface Book 3,AMD Ryzen 5 8600H,AMD Radeon 680M,32,SSD,4096,False,1.35,14.0,2393.78
Microsoft,Surface Book 3,AMD Ryzen 5 8600H,NVIDIA RTX 3050,64,SSD,4096,True,3.21,17.3,2891.62
Microsoft,Surface Book 3,Intel i9-14900HK,NVIDIA RTX 4070,32,SSD,4096,True,1.04,14.0,4234.43
Microsoft,Surface Laptop 5,Intel i5-14500H,NVIDIA RTX 3050,64,SSD,1024,False,1.87,15.6,2220.85
Microsoft,Surface Pro 8,Intel i7-14700H,NVIDIA RTX 4070,128,SSD,256,True,1.26,13.3,3818.21
Microsoft,Surface Book 3,Intel i7-14700H,NVIDIA RTX 4060,8,SSD,512,True,1.08,13.3,2412.63
Microsoft,Surface Go 3,Intel Core Ultra 7 15500H,NVIDIA RTX 4060,32,SSD,1024,False,2.06,15.6,2520.11
Microsoft,Surface Go 3,AMD Ryzen 5 8600H,AMD Radeon 680M,128,SSD,4096,True,1.62,15.6,3160.41
Microsoft,Surface Laptop 5,AMD Ryzen 9 8900HX,AMD Radeon 780M,8,SSD,256,True,2.83,17.3,2117.56
Microsoft,Surface Book 3,Intel i5-14600H,NVIDIA RTX 4050,16,SSD,512,True,2.03,16.0,2099.28
Microsoft,Surface Pro 8,Intel i5-14500H,NVIDIA RTX 3050,8,SSD,256,False,1.37,13.3,1750.53
Microsoft,Surface Pro 8,AMD Ryzen 7 8800H,NVIDIA RTX 4070,32,SSD,256,False,1.1,14.0,2869.33
Microsoft,Surface Laptop 5,Intel i7-14700H,NVIDIA RTX 4060,64,SSD,256,True,1.06,13.3,2740.38
Microsoft,Surface Pro 8,Intel i9-14900HK,NVIDIA RTX 4080,32,SSD,256,True,1.01,13.3,3622.15
Microsoft,Surface Laptop Studio,Intel i7-14700H,NVIDIA RTX 4070,8,SSD,2048,False,1.31,14.0,3141.28
Microsoft,Surface Go 3,AMD Ryzen 7 8800H,AMD Radeon 780M,16,SSD,1024,True,1.22,13.3,2190.26
Microsoft,Surface Pro 8,Intel Core Ultra 7 15500H,NVIDIA RTX 4070,64,SSD,1024,False,3.31,17.3,3400.12
Microsoft,Surface Laptop 5,Intel Core Ultra 7 15500H,NVIDIA RTX 4070,128,SSD,2048,False,1.34,14.0,4207.5
Microsoft,Surface Laptop Studio,Intel i5-14600H,Intel Iris Xe,8,SSD,1024,False,2.0,16.0,1683.66
Microsoft,Surface Go 3,AMD Ryzen 5 8600H,NVIDIA RTX 3050,128,SSD,512,False,1.12,13.3,2513.2
Microsoft,Surface Go 3,Intel i9-14900HK,NVIDIA RTX 4070,64,SSD,2048,True,1.11,14.0,4086.15
Microsoft,Surface Go 3,AMD Ryzen 9 8900HX,AMD Radeon 780M,128,SSD,4096,True,3.0,18.4,3552.26
Microsoft,Surface Laptop 5,Intel Core Ultra 7 15500H,NVIDIA RTX 4060,16,SSD,256,False,1.14,14.0,2329.66
Microsoft,Surface Book 3,Intel i7-14800H,NVIDIA RTX 4080,16,SSD,256,True,1.59,15.6,3260.1
Microsoft,Surface Pro 8,AMD Ryzen 9 8900HX,NVIDIA RTX 4080,32,SSD,1024,True,1.02,13.3,3813.9
Microsoft,Surface Laptop 5,Intel i7-14800H,NVIDIA RTX 4080,32,SSD,1024,True,1.92,16.0,3573.41
Microsoft,Surface Laptop Studio,Intel i5-14600H,NVIDIA RTX 3050,8,SSD,512,False,1.15,14.0,1845.22
Microsoft,Surface Laptop Studio,Intel i7-14800H,NVIDIA RTX 4080,16,SSD,1024,False,3.18,18.4,3178.66
Microsoft,Surface Go 3,AMD Ryzen 9 8900HX,AMD Radeon 780M,16,SSD,4096,False,2.14,16.0,2682.38
Microsoft,Surface Laptop 5,Intel Core Ultra 7 15500H,Intel Arc A750M,16,SSD,2048,True,1.77,16.0,3166.45
Microsoft,Surface Go 3,AMD Ryzen 9 8900HX,NVIDIA RTX 4070,128,SSD,512,False,1.75,16.0,3757.84
Microsoft,Surface Pro 8,Intel i9-14900HK,NVIDIA RTX 4070,32,SSD,512,False,1.02,14.0,3301.18
Microsoft,Surface Book 3,Intel Core Ultra 9 15700H,Intel Arc A750M,32,SSD,2048,False,1.32,13.3,3354.94
Microsoft,Surface Laptop Studio,AMD Ryzen 9 8900HX,NVIDIA RTX 4070,128,SSD,256,True,1.2,14.0,3999.44
Microsoft,Surface Book 3,AMD Ryzen 5 8600H,AMD Radeon 680M,16,SSD,4096,True,2.7,18.4,2422.62
Microsoft,Surface Pro 8,AMD Ryzen 7 8800H,AMD Radeon 780M,32,SSD,1024,False,2.06,16.0,2055.91
Microsoft,Surface Pro 8,Intel Core Ultra 7 15500H,Intel Arc A750M,16,SSD,4096,False,1.73,15.6,3317.34
Microsoft,Surface Pro 8,AMD Ryzen 7 8800H,AMD Radeon 780M,16,SSD,256,True,1.04,13.3,2078.48
Microsoft,Surface Laptop 5,Intel i5-14600H,NVIDIA RTX 4050,16,SSD,256,False,3.33,18.4,1834.77
Microsoft,Surface Go 3,AMD Ryzen 7 8800H,NVIDIA RTX 4070,64,SSD,512,False,2.24,15.6,3072.88
Microsoft,Surface Book 3,AMD Ryzen 9 8900HX,AMD Radeon 780M,16,SSD,256,True,1.16,13.3,2248.93
Microsoft,Surface Go 3,Intel i7-14800H,NVIDIA RTX 4060,8,SSD,1024,False,2.2,15.6,2309.41
Microsoft,Surface Book 3,Intel i5-14500H,NVIDIA RTX 3050,64,SSD,2048,True,2.94,17.3,2617.12
Microsoft,Surface Laptop Studio,Intel i7-14700H,NVIDIA RTX 4070,64,SSD,1024,False,1.12,14.0,3340.57
Microsoft,Surface Book 3,AMD Ryzen 5 8600H,AMD Radeon 680M,8,SSD,4096,False,2.38,15.6,2201.48
Microsoft,Surface Pro 8,Intel i5-14500H,NVIDIA RTX 3050,32,SSD,4096,True,2.13,15.6,2746.95
Microsoft,Surface Go 3,Intel i7-14700H,NVIDIA RTX 4070,8,SSD,512,True,1.79,15.6,2938.63
Microsoft,Surface Book 3,AMD Ryzen 9 8900HX,NVIDIA RTX 4070,64,SSD,1024,True,1.24,14.0,3787.8
Microsoft,Surface Book 3,Intel i9-14900HK,NVIDIA RTX 4070,16,SSD,1024,False,1.09,13.3,3290.07
Microsoft,Surface Pro 8,Intel i7-14700H,NVIDIA RTX 4070,16,SSD,256,False,1.99,16.0,2693.44
Microsoft,Surface Laptop 5,Intel i7-14800H,NVIDIA RTX 4060,128,SSD,512,False,1.36,14.0,3073.12
Microsoft,Surface Book 3,AMD Ryzen 9 8900HX,NVIDIA RTX 4070,128,SSD,256,True,3.3,17.3,3942.6
Microsoft,Surface Pro 8,AMD Ryzen 5 8600H,AMD Radeon 680M,8,SSD,512,True,2.41,16.0,1763.44
Microsoft,Surface Laptop 5,AMD Ryzen 5 8600H,AMD Radeon 680M,128,SSD,512,False,2.07,16.0,2325.35
Microsoft,Surface Go 3,Intel i5-14500H,NVIDIA RTX 4050,32,SSD,256,False,1.96,16.0,1900.62
Microsoft,Surface Go 3,Intel i7-14800H,NVIDIA RTX 4070,32,SSD,512,False,1.15,13.3,3035.86
Microsoft,Surface Go 3,Intel i9-14900HK,NVIDIA RTX 4070,8,SSD,256,True,2.46,15.6,3100.12
Microsoft,Surface Book 3,AMD Ryzen 5 8600H,AMD Radeon 680M,64,SSD,4096,True,3.13,18.4,2723.08
Microsoft,Surface Laptop 5,Intel i9-14900HK,NVIDIA RTX 4080,32,SSD,512,True,2.12,16.0,3585.72
Microsoft,Surface Go 3,Intel i7-14700H,NVIDIA RTX 4060,16,SSD,1024,True,1.05,14.0,2627.17
